content_id,severity,risk_type
tower_of_god,3.4,Character Fatigue
tower_of_god,4.9,Pacing
solo_leveling,3.2,Pacing
solo_leveling,3.1,Art Quality
solo_leveling,5.0,Plot Hole
lookism,3.8,Pacing
lookism,4.5,Pacing
lookism,3.3,Pacing
lookism,1.1,Pacing
true_beauty,5.0,Plot Hole
true_beauty,1.8,Pacing
true_beauty,4.8,Pacing
omniscient_reader,2.1,Character Fatigue
omniscient_reader,4.8,Character Fatigue
god_of_high_school,5.0,Character Fatigue
eleceed,1.4,Art Quality
eleceed,3.7,Character Fatigue
eleceed,1.6,Art Quality
teenage_mercenary,3.0,Plot Hole
viral_hit,1.0,Plot Hole
viral_hit,3.2,Character Fatigue
viral_hit,4.7,Plot Hole
viral_hit,2.9,Character Fatigue
weak_hero,1.9,Plot Hole
weak_hero,1.4,Pacing
weak_hero,4.2,Pacing
lore_olympus,1.0,Art Quality
lore_olympus,3.1,Art Quality
lets_play,1.3,Character Fatigue
i_love_yoo,1.9,Pacing
unordinary,1.8,Character Fatigue
unordinary,1.3,Plot Hole
the_remarried_empress,3.2,Character Fatigue
the_remarried_empress,1.3,Art Quality
the_remarried_empress,2.3,Art Quality
subzero,1.3,Art Quality
subzero,3.0,Art Quality
cursed_princess_club,2.6,Pacing
cursed_princess_club,3.8,Character Fatigue
cursed_princess_club,2.1,Pacing
cursed_princess_club,2.4,Pacing
boyfriends,1.2,Pacing
boyfriends,2.7,Character Fatigue
down_to_earth,1.8,Pacing
the_boxer,1.3,Pacing
the_boxer,2.8,Character Fatigue
the_boxer,1.6,Plot Hole
the_boxer,4.6,Plot Hole
bastard,1.7,Plot Hole
bastard,2.4,Pacing
bastard,3.3,Character Fatigue
bastard,1.8,Character Fatigue
sweet_home,4.3,Pacing
see_you_in_my_19th_life,3.6,Art Quality
business_proposal,4.9,Art Quality
business_proposal,3.7,Plot Hole
navillera,2.6,Art Quality
navillera,3.9,Art Quality
navillera,3.2,Character Fatigue
navillera,3.3,Art Quality
your_throne,3.3,Plot Hole
your_throne,3.4,Pacing
your_throne,4.6,Character Fatigue
men_of_the_harem,1.3,Character Fatigue
men_of_the_harem,3.8,Plot Hole
suitor_armor,2.7,Art Quality
suitor_armor,4.6,Character Fatigue
suitor_armor,2.6,Art Quality
eaternal_nocturnal,3.4,Character Fatigue
eaternal_nocturnal,3.8,Character Fatigue
eaternal_nocturnal,1.6,Pacing
eaternal_nocturnal,2.1,Art Quality
operation_true_love,3.3,Plot Hole
operation_true_love,1.4,Pacing
maybe_meant_to_be,2.7,Character Fatigue
maybe_meant_to_be,4.2,Art Quality
marry_my_husband,1.9,Character Fatigue
marry_my_husband,1.3,Character Fatigue
marry_my_husband,1.1,Plot Hole
marry_my_husband,4.1,Art Quality
doom_breaker,2.1,Art Quality
doom_breaker,1.1,Character Fatigue
doom_breaker,4.5,Character Fatigue
66666_years_advent_of_the_dark_mage,3.9,Pacing
66666_years_advent_of_the_dark_mage,3.1,Plot Hole
66666_years_advent_of_the_dark_mage,1.9,Character Fatigue
66666_years_advent_of_the_dark_mage,1.6,Art Quality
the_advanced_player_of_the_tutorial_tower,1.1,Art Quality
the_advanced_player_of_the_tutorial_tower,1.7,Pacing
return_of_the_blossoming_blade,1.9,Character Fatigue
leveling_up_with_the_gods,3.4,Pacing
nano_machine,1.8,Art Quality
nano_machine,1.8,Character Fatigue
nano_machine,2.8,Art Quality
nano_machine,2.1,Plot Hole
designated_bully,3.9,Pacing
designated_bully,2.6,Plot Hole
designated_bully,4.3,Pacing
designated_bully,3.4,Art Quality
get_schooled,4.3,Pacing
get_schooled,2.9,Plot Hole
get_schooled,2.3,Character Fatigue
reality_quest,3.2,Art Quality
reality_quest,3.1,Pacing
reality_quest,1.0,Character Fatigue
questism,4.2,Art Quality
questism,2.8,Art Quality
questism,4.4,Art Quality
my_dear_cold-blooded_king,2.7,Pacing
midnight_poppy_land,3.5,Pacing
midnight_poppy_land,2.3,Art Quality
midnight_poppy_land,4.6,Art Quality
midnight_poppy_land,4.3,Plot Hole
age_matters,4.6,Plot Hole
age_matters,3.8,Pacing
edith,3.1,Plot Hole
purple_hyacinth,1.3,Plot Hole
purple_hyacinth,4.7,Plot Hole
purple_hyacinth,3.1,Plot Hole
purple_hyacinth,4.8,Pacing
not_even_bones,2.9,Character Fatigue
not_even_bones,1.8,Character Fatigue
not_even_bones,2.4,Character Fatigue
not_even_bones,2.3,Character Fatigue
everything_is_fine,1.3,Character Fatigue
everything_is_fine,2.1,Plot Hole
everything_is_fine,1.1,Art Quality
homesick,3.8,Plot Hole
homesick,2.9,Character Fatigue
homesick,3.0,Character Fatigue
stagtown,4.4,Character Fatigue
gremoryland,2.4,Art Quality
ghost_teller,4.8,Art Quality
ghost_teller,2.0,Character Fatigue
hell_is_other_people,1.1,Art Quality
hell_is_other_people,3.0,Plot Hole
hell_is_other_people,3.6,Plot Hole
hell_is_other_people,1.3,Art Quality
acception,4.1,Pacing
acception,4.8,Plot Hole
acception,2.7,Pacing
acception,3.6,Character Fatigue
odd_girl_out,3.7,Art Quality
odd_girl_out,1.9,Character Fatigue
odd_girl_out,5.0,Plot Hole
odd_girl_out,3.6,Pacing
wind_breaker,1.2,Character Fatigue
pyramid_game,1.9,Plot Hole
pyramid_game,2.4,Character Fatigue
spirit_fingers,2.0,Art Quality
spirit_fingers,2.2,Character Fatigue
spirit_fingers,3.5,Character Fatigue
gourmet_hound,4.6,Character Fatigue
gourmet_hound,3.7,Character Fatigue
gourmet_hound,1.1,Pacing
space_boy,4.2,Pacing
seed,2.7,Character Fatigue
seed,1.9,Art Quality
in_the_bleak_midwinter,1.2,Character Fatigue
parallel_city,4.3,Pacing
parallel_city,4.9,Plot Hole
tales_of_the_unusual,2.6,Character Fatigue
tales_of_the_unusual,4.1,Art Quality
shotgun_boy,4.5,Art Quality
pigpen,3.7,Pacing
the_groom,3.6,Art Quality
the_groom,2.0,Character Fatigue
the_groom,4.1,Plot Hole
stalker,3.0,Pacing
stalker,4.0,Plot Hole
stalker,2.1,Plot Hole
blue_chair,4.4,Pacing
blue_chair,4.5,Character Fatigue
my_giant_nerd_boyfriend,2.8,Plot Hole
my_giant_nerd_boyfriend,4.4,Plot Hole
my_giant_nerd_boyfriend,3.3,Character Fatigue
life_outside_the_circle,1.7,Character Fatigue
life_outside_the_circle,1.3,Pacing
murrz,2.8,Pacing
dreaming_freedom,3.8,Art Quality
dreaming_freedom,1.1,Pacing
dreaming_freedom,4.4,Art Quality
the_saviors_time,1.4,Plot Hole
the_saviors_time,2.6,Art Quality
the_saviors_time,4.4,Art Quality
the_saviors_time,1.1,Pacing
dear_diary,1.7,Art Quality
the_double_agent,3.0,Art Quality
the_double_agent,2.8,Character Fatigue
the_double_agent,2.7,Pacing
hero_killer,4.8,Plot Hole
hero_killer,4.3,Character Fatigue
hero_killer,1.4,Pacing
hero_killer,3.8,Character Fatigue
villain_to_kill,2.9,Pacing
villain_to_kill,5.0,Character Fatigue
villain_to_kill,1.1,Plot Hole
sidekicks,3.6,Plot Hole
sidekicks,2.6,Art Quality
the_last_golden_child,3.5,Art Quality
the_last_golden_child,3.8,Character Fatigue
the_build_up,4.8,Art Quality
the_build_up,4.0,Plot Hole
the_build_up,3.8,Art Quality
the_build_up,1.4,Character Fatigue
king_of_the_mound,4.1,Pacing
king_of_the_mound,4.4,Art Quality
king_of_the_mound,3.6,Plot Hole
king_of_the_mound,1.3,Plot Hole
winning_shot,2.8,Plot Hole
winning_shot,1.9,Plot Hole
winning_shot,1.2,Pacing
winning_shot,5.0,Pacing
infinite_level_up_in_murim,3.7,Plot Hole
infinite_level_up_in_murim,2.4,Pacing
superhuman_era,4.0,Art Quality
superhuman_era,4.4,Pacing
superhuman_era,1.4,Character Fatigue
superhuman_era,2.2,Pacing
existence,3.5,Plot Hole
existence,3.3,Plot Hole
the_world_after_the_fall,1.8,Pacing
the_world_after_the_fall,1.4,Pacing
the_world_after_the_fall,3.2,Pacing
killer_peter,2.9,Plot Hole
deaths_game,4.6,Art Quality
deaths_game,4.4,Pacing
deaths_game,3.5,Art Quality
melvinas_therapy,4.9,Pacing
melvinas_therapy,3.8,Art Quality
melvinas_therapy,1.2,Art Quality
the_horizon,5.0,Art Quality
the_horizon,4.4,Pacing
the_horizon,3.7,Pacing
