title,episode,likes,panel_count,pacing_score,cliffhanger_score,emotional_intensity,external_emotion_score
Solo Leveling,1,91420,62,0.6,0.84,0.39,0.39
Solo Leveling,2,85999,53,0.7,0.72,0.55,0.55
Solo Leveling,3,81512,73,0.74,0.76,0.51,0.51
Solo Leveling,4,72019,57,0.66,0.79,0.67,0.67
Solo Leveling,5,76471,66,0.67,0.78,0.49,0.49
Solo Leveling,6,48784,51,0.6,0.81,0.48,0.48
Solo Leveling,7,62797,67,0.67,1.0,0.31,0.31
Solo Leveling,8,73870,53,0.8,0.66,0.74,0.74
Solo Leveling,9,56560,45,0.65,0.97,0.55,0.55
Solo Leveling,10,58548,52,0.77,0.73,0.45,0.45
Solo Leveling,11,59493,73,0.71,1.0,0.62,0.62
Solo Leveling,12,33447,66,0.83,0.61,0.5,0.5
Solo Leveling,13,64279,49,0.55,0.76,0.62,0.62
Solo Leveling,14,56677,51,0.72,0.92,0.36,0.36
Solo Leveling,15,49638,69,0.8,1.0,0.41,0.41
Solo Leveling,16,34550,46,0.73,0.73,0.37,0.37
Solo Leveling,17,34393,49,0.7,0.64,0.54,0.54
Solo Leveling,18,24110,55,0.71,0.63,0.68,0.68
Solo Leveling,19,25957,54,0.79,0.87,0.57,0.57
Solo Leveling,20,88417,62,0.75,0.88,0.47,0.47
Tower of God,1,82974,54,0.65,0.59,0.46,0.46
Tower of God,2,85009,46,0.7,0.97,0.49,0.49
Tower of God,3,73361,51,0.67,0.63,0.57,0.57
Tower of God,4,79128,79,0.62,0.61,0.49,0.49
Tower of God,5,75251,70,0.68,0.9,0.26,0.26
Tower of God,6,72110,40,0.59,0.45,0.51,0.51
Tower of God,7,78622,54,0.71,0.77,0.49,0.49
Tower of God,8,49846,42,0.71,0.86,0.54,0.54
Tower of God,9,43588,43,0.65,0.69,0.5,0.5
Tower of God,10,36336,73,0.7,0.85,0.7,0.7
Tower of God,11,53924,64,0.75,0.57,0.59,0.59
Tower of God,12,29384,67,0.79,0.8,0.59,0.59
Tower of God,13,55014,44,0.55,0.84,0.48,0.48
Tower of God,14,33894,43,0.67,0.89,0.5,0.5
Tower of God,15,26936,73,0.7,0.84,0.29,0.29
Tower of God,16,77435,74,0.74,1.0,0.43,0.43
Tower of God,17,19170,50,0.65,0.79,0.64,0.64
Tower of God,18,42928,41,0.66,0.53,0.53,0.53
Tower of God,19,17913,48,0.64,1.0,0.64,0.64
Tower of God,20,20204,78,0.64,1.0,0.57,0.57
God of High School,1,68164,71,0.71,0.86,0.55,0.55
God of High School,2,61118,40,0.89,0.64,0.43,0.43
God of High School,3,56721,62,0.89,0.72,0.42,0.42
God of High School,4,58908,71,0.65,0.69,0.37,0.37
God of High School,5,53821,58,0.55,0.93,0.34,0.34
God of High School,6,51766,75,0.74,0.61,0.47,0.47
God of High School,7,36383,45,0.59,0.78,0.55,0.55
God of High School,8,47846,77,0.75,0.76,0.36,0.36
God of High School,9,49666,40,0.81,0.91,0.49,0.49
God of High School,10,34908,58,0.65,0.9,0.36,0.36
God of High School,11,39090,68,0.51,0.85,0.48,0.48
God of High School,12,53076,78,0.66,0.64,0.44,0.44
God of High School,13,33220,74,0.73,0.91,0.57,0.57
God of High School,14,31458,52,0.78,0.79,0.28,0.28
God of High School,15,23127,79,0.56,0.44,0.48,0.48
God of High School,16,40833,50,0.73,0.74,0.4,0.4
God of High School,17,36124,44,0.83,0.79,0.55,0.55
God of High School,18,17653,68,0.72,0.53,0.61,0.61
God of High School,19,25949,70,0.56,0.83,0.63,0.63
God of High School,20,37980,79,0.57,1.0,0.45,0.45
Eleceed,1,84376,76,0.8,1.0,0.59,0.59
Eleceed,2,78478,57,0.64,0.79,0.45,0.45
Eleceed,3,60674,45,0.73,0.64,0.48,0.48
Eleceed,4,57249,78,0.57,0.79,0.55,0.55
Eleceed,5,60442,53,0.7,0.73,0.43,0.43
Eleceed,6,57181,54,0.66,0.67,0.45,0.45
Eleceed,7,55687,66,0.82,0.78,0.4,0.4
Eleceed,8,45404,58,0.87,0.58,0.55,0.55
Eleceed,9,47352,68,0.56,0.96,0.4,0.4
Eleceed,10,48441,58,0.8,0.87,0.51,0.51
Eleceed,11,59352,71,0.77,0.99,0.51,0.51
Eleceed,12,53478,71,0.57,0.79,0.45,0.45
Eleceed,13,55540,54,0.72,0.48,0.33,0.33
Eleceed,14,43025,76,0.69,0.91,0.42,0.42
Eleceed,15,58115,63,0.56,0.72,0.38,0.38
Eleceed,16,41154,78,0.8,0.63,0.59,0.59
Eleceed,17,15902,46,0.56,0.83,0.31,0.31
Eleceed,18,24669,57,0.54,0.62,0.44,0.44
Eleceed,19,39914,78,0.72,0.76,0.34,0.34
Eleceed,20,35075,49,0.77,0.51,0.31,0.31
Teenage Mercenary,1,74396,77,0.63,0.81,0.42,0.42
Teenage Mercenary,2,68472,45,0.79,0.82,0.44,0.44
Teenage Mercenary,3,68972,61,0.78,0.77,0.43,0.43
Teenage Mercenary,4,68677,44,0.63,0.71,0.48,0.48
Teenage Mercenary,5,60897,76,0.61,0.86,0.51,0.51
Teenage Mercenary,6,57001,60,0.45,0.8,0.66,0.66
Teenage Mercenary,7,61664,51,0.66,0.9,0.38,0.38
Teenage Mercenary,8,62817,63,0.64,0.94,0.51,0.51
Teenage Mercenary,9,60785,41,0.76,0.77,0.57,0.57
Teenage Mercenary,10,55356,67,0.87,0.86,0.51,0.51
Teenage Mercenary,11,42278,70,0.79,0.79,0.56,0.56
Teenage Mercenary,12,45000,66,0.72,0.88,0.56,0.56
Teenage Mercenary,13,44982,53,0.65,0.35,0.61,0.61
Teenage Mercenary,14,52415,61,0.78,0.67,0.54,0.54
Teenage Mercenary,15,40953,64,0.86,0.82,0.51,0.51
Teenage Mercenary,16,55168,52,0.73,0.86,0.49,0.49
Teenage Mercenary,17,71065,47,0.77,1.0,0.56,0.56
Teenage Mercenary,18,32400,62,0.73,0.57,0.58,0.58
Teenage Mercenary,19,38350,61,0.64,0.87,0.43,0.43
Teenage Mercenary,20,23112,72,0.77,0.71,0.23,0.23
Lookism,1,57936,75,0.71,0.81,0.44,0.44
Lookism,2,60036,57,0.61,0.87,0.48,0.48
Lookism,3,57324,63,0.76,0.61,0.53,0.53
Lookism,4,48408,73,0.88,0.79,0.38,0.38
Lookism,5,55261,47,0.7,0.66,0.47,0.47
Lookism,6,60128,65,0.53,0.95,0.53,0.53
Lookism,7,30727,44,0.78,0.66,0.5,0.5
Lookism,8,48566,55,0.81,0.91,0.46,0.46
Lookism,9,51179,66,0.71,0.86,0.56,0.56
Lookism,10,28584,67,0.9,0.77,0.65,0.65
Lookism,11,37892,69,0.61,0.64,0.61,0.61
Lookism,12,25211,40,0.83,0.75,0.4,0.4
Lookism,13,22751,73,0.76,0.95,0.5,0.5
Lookism,14,32282,66,0.62,0.98,0.44,0.44
Lookism,15,40449,59,0.72,0.59,0.52,0.52
Lookism,16,26521,63,0.59,1.0,0.49,0.49
Lookism,17,18909,50,0.74,0.68,0.67,0.67
Lookism,18,24754,46,0.66,0.8,0.45,0.45
Lookism,19,32739,42,0.75,0.83,0.49,0.49
Lookism,20,24640,53,0.68,0.86,0.7,0.7
Viral Hit,1,64370,50,0.41,0.93,0.55,0.55
Viral Hit,2,58267,58,0.67,0.69,0.56,0.56
Viral Hit,3,60213,44,0.74,0.92,0.7,0.7
Viral Hit,4,59230,78,0.71,0.96,0.71,0.71
Viral Hit,5,53243,77,0.7,0.59,0.55,0.55
Viral Hit,6,48277,67,0.69,0.6,0.59,0.59
Viral Hit,7,53501,54,0.75,0.78,0.59,0.59
Viral Hit,8,46453,45,0.78,0.61,0.46,0.46
Viral Hit,9,61176,79,0.69,0.61,0.5,0.5
Viral Hit,10,38533,53,0.75,0.73,0.58,0.58
Viral Hit,11,40649,67,0.83,0.75,0.41,0.41
Viral Hit,12,33155,48,0.8,0.88,0.74,0.74
Viral Hit,13,40317,49,0.8,0.69,0.43,0.43
Viral Hit,14,44160,70,0.91,1.0,0.61,0.61
Viral Hit,15,25846,74,0.7,0.78,0.29,0.29
Viral Hit,16,29340,72,0.5,0.78,0.64,0.64
Viral Hit,17,56098,41,0.77,0.88,0.55,0.55
Viral Hit,18,39202,75,0.74,0.54,0.54,0.54
Viral Hit,19,27713,47,0.71,0.91,0.55,0.55
Viral Hit,20,24171,68,0.66,0.83,0.52,0.52
Weak Hero,1,68192,49,0.69,0.85,0.5,0.5
Weak Hero,2,63358,66,0.65,0.78,0.59,0.59
Weak Hero,3,53840,66,0.8,0.78,0.46,0.46
Weak Hero,4,54569,73,0.69,0.77,0.51,0.51
Weak Hero,5,59563,53,0.78,0.73,0.37,0.37
Weak Hero,6,56524,68,0.65,0.83,0.39,0.39
Weak Hero,7,51112,43,0.81,0.66,0.46,0.46
Weak Hero,8,46500,75,0.82,1.0,0.52,0.52
Weak Hero,9,46970,61,0.69,0.84,0.29,0.29
Weak Hero,10,32413,50,0.78,0.68,0.26,0.26
Weak Hero,11,52559,50,0.77,0.91,0.68,0.68
Weak Hero,12,49140,55,0.68,0.64,0.58,0.58
Weak Hero,13,40410,59,0.63,0.77,0.44,0.44
Weak Hero,14,36733,41,0.79,0.81,0.48,0.48
Weak Hero,15,26185,54,0.57,0.81,0.51,0.51
Weak Hero,16,43298,44,0.63,0.97,0.44,0.44
Weak Hero,17,18240,60,0.84,0.95,0.69,0.69
Weak Hero,18,31777,44,0.68,0.92,0.57,0.57
Weak Hero,19,20626,41,0.71,0.74,0.45,0.45
Weak Hero,20,20303,70,0.79,0.69,0.55,0.55
Omniscient Reader,1,93531,47,0.58,0.78,0.63,0.63
Omniscient Reader,2,91959,73,0.7,0.63,0.44,0.44
Omniscient Reader,3,88350,44,0.45,0.86,0.75,0.75
Omniscient Reader,4,91941,54,0.39,0.71,0.66,0.66
Omniscient Reader,5,92986,74,0.78,0.9,0.39,0.39
Omniscient Reader,6,80693,46,0.74,0.72,0.82,0.82
Omniscient Reader,7,91891,55,0.46,0.73,0.71,0.71
Omniscient Reader,8,63615,63,0.85,0.79,0.41,0.41
Omniscient Reader,9,70429,55,0.51,0.67,0.59,0.59
Omniscient Reader,10,59765,73,0.5,0.74,0.78,0.78
Omniscient Reader,11,68835,54,0.58,0.69,0.46,0.46
Omniscient Reader,12,48505,74,0.4,0.77,0.79,0.79
Omniscient Reader,13,42246,54,0.7,0.86,0.6,0.6
Omniscient Reader,14,53688,51,0.74,0.8,0.46,0.46
Omniscient Reader,15,49021,55,0.4,0.76,0.39,0.39
Omniscient Reader,16,33251,70,0.63,0.6,0.76,0.76
Omniscient Reader,17,82856,58,0.75,0.74,0.61,0.61
Omniscient Reader,18,50350,70,0.61,0.47,0.48,0.48
Omniscient Reader,19,42402,68,0.49,0.9,0.6,0.6
Omniscient Reader,20,69148,58,0.46,0.81,0.47,0.47
Lore Olympus,1,107969,75,0.26,0.46,0.77,0.77
Lore Olympus,2,107145,54,0.48,0.62,0.92,0.92
Lore Olympus,3,101357,53,0.49,0.66,0.84,0.84
Lore Olympus,4,91824,67,0.43,0.61,0.87,0.87
Lore Olympus,5,98557,61,0.38,0.55,1.0,1.0
Lore Olympus,6,95028,78,0.35,0.6,0.93,0.93
Lore Olympus,7,83043,59,0.38,0.54,1.0,1.0
Lore Olympus,8,75705,53,0.36,0.59,0.84,0.84
Lore Olympus,9,84001,77,0.43,0.46,0.96,0.96
Lore Olympus,10,87232,62,0.46,0.51,0.78,0.78
Lore Olympus,11,87947,49,0.55,0.73,1.0,1.0
Lore Olympus,12,75187,65,0.47,0.6,0.94,0.94
Lore Olympus,13,80552,40,0.32,0.66,1.0,1.0
Lore Olympus,14,61459,74,0.28,0.62,0.86,0.86
Lore Olympus,15,73314,63,0.24,0.41,0.78,0.78
Lore Olympus,16,58359,40,0.51,0.57,0.91,0.91
Lore Olympus,17,60302,42,0.31,0.4,0.8,0.8
Lore Olympus,18,69075,78,0.4,0.62,0.88,0.88
Lore Olympus,19,70399,44,0.49,0.62,0.77,0.77
Lore Olympus,20,69851,55,0.48,0.67,1.0,1.0
True Beauty,1,91642,47,0.28,0.57,0.86,0.86
True Beauty,2,87054,77,0.32,0.56,0.99,0.99
True Beauty,3,83104,71,0.42,0.36,0.99,0.99
True Beauty,4,86569,44,0.26,0.6,0.97,0.97
True Beauty,5,89076,76,0.26,0.55,0.99,0.99
True Beauty,6,89301,79,0.4,0.5,1.0,1.0
True Beauty,7,72318,71,0.43,0.76,1.0,1.0
True Beauty,8,83852,46,0.43,0.53,0.81,0.81
True Beauty,9,73042,45,0.31,0.6,1.0,1.0
True Beauty,10,64262,44,0.19,0.42,0.93,0.93
True Beauty,11,71925,53,0.42,0.57,1.0,1.0
True Beauty,12,86923,67,0.42,0.56,1.0,1.0
True Beauty,13,53396,54,0.39,0.65,0.98,0.98
True Beauty,14,59961,73,0.44,0.55,0.85,0.85
True Beauty,15,74993,57,0.21,0.49,0.78,0.78
True Beauty,16,52040,58,0.3,0.63,1.0,1.0
True Beauty,17,51626,63,0.35,0.78,0.92,0.92
True Beauty,18,69351,59,0.33,0.63,1.0,1.0
True Beauty,19,58878,58,0.28,0.56,0.95,0.95
True Beauty,20,63372,47,0.45,0.61,0.95,0.95
Let's Play,1,82437,49,0.48,0.34,0.83,0.83
Let's Play,2,82797,79,0.37,0.4,1.0,1.0
Let's Play,3,78381,56,0.35,0.49,0.84,0.84
Let's Play,4,70399,46,0.25,0.79,1.0,1.0
Let's Play,5,69996,49,0.58,0.53,0.91,0.91
Let's Play,6,66813,76,0.38,0.62,0.94,0.94
Let's Play,7,64618,57,0.33,0.76,0.78,0.78
Let's Play,8,69931,48,0.3,0.43,0.97,0.97
Let's Play,9,63931,57,0.4,0.58,0.78,0.78
Let's Play,10,60409,69,0.43,0.6,0.91,0.91
Let's Play,11,64196,46,0.49,0.47,0.63,0.63
Let's Play,12,49504,70,0.25,0.6,1.0,1.0
Let's Play,13,63341,71,0.47,0.59,0.93,0.93
Let's Play,14,47145,78,0.37,0.49,0.88,0.88
Let's Play,15,60325,75,0.39,0.53,0.97,0.97
Let's Play,16,47647,68,0.36,0.72,0.8,0.8
Let's Play,17,40416,46,0.31,0.6,0.96,0.96
Let's Play,18,46858,61,0.62,0.55,0.82,0.82
Let's Play,19,48091,42,0.21,0.56,0.9,0.9
Let's Play,20,30670,49,0.3,0.47,0.98,0.98
I Love Yoo,1,71723,45,0.44,0.64,0.86,0.86
I Love Yoo,2,66467,66,0.57,0.59,0.92,0.92
I Love Yoo,3,61325,79,0.45,0.68,0.86,0.86
I Love Yoo,4,65335,77,0.51,0.79,0.94,0.94
I Love Yoo,5,48274,74,0.43,0.7,0.81,0.81
I Love Yoo,6,47157,57,0.42,0.95,0.83,0.83
I Love Yoo,7,47863,59,0.36,0.83,1.0,1.0
I Love Yoo,8,57285,56,0.61,0.72,0.88,0.88
I Love Yoo,9,46904,58,0.67,0.85,0.99,0.99
I Love Yoo,10,40082,61,0.46,0.48,1.0,1.0
I Love Yoo,11,28855,40,0.52,0.85,0.94,0.94
I Love Yoo,12,30363,58,0.52,0.51,0.84,0.84
I Love Yoo,13,24538,58,0.54,0.38,0.78,0.78
I Love Yoo,14,26286,57,0.66,0.58,0.97,0.97
I Love Yoo,15,50748,62,0.5,0.73,0.87,0.87
I Love Yoo,16,59720,47,0.52,0.83,0.77,0.77
I Love Yoo,17,31215,58,0.65,0.65,0.94,0.94
I Love Yoo,18,20328,42,0.56,0.55,0.87,0.87
I Love Yoo,19,38607,55,0.52,0.77,0.78,0.78
I Love Yoo,20,25364,67,0.66,0.51,0.87,0.87
UnOrdinary,1,94882,44,0.71,0.76,0.45,0.45
UnOrdinary,2,95513,40,0.68,0.83,0.36,0.36
UnOrdinary,3,76661,46,0.58,0.72,0.35,0.35
UnOrdinary,4,77137,52,0.57,1.0,0.56,0.56
UnOrdinary,5,83563,79,0.76,0.89,0.51,0.51
UnOrdinary,6,69423,65,0.5,0.86,0.49,0.49
UnOrdinary,7,69239,64,0.64,0.87,0.58,0.58
UnOrdinary,8,71902,60,0.68,0.64,0.33,0.33
UnOrdinary,9,75728,61,0.74,0.98,0.63,0.63
UnOrdinary,10,57440,59,0.82,0.94,0.53,0.53
UnOrdinary,11,63015,41,0.72,0.81,0.56,0.56
UnOrdinary,12,56400,66,0.8,1.0,0.56,0.56
UnOrdinary,13,68794,64,0.79,0.64,0.59,0.59
UnOrdinary,14,54749,66,0.65,0.7,0.49,0.49
UnOrdinary,15,44882,69,0.71,0.83,0.4,0.4
UnOrdinary,16,46231,57,0.82,0.97,0.42,0.42
UnOrdinary,17,32170,66,0.64,0.62,0.44,0.44
UnOrdinary,18,24199,42,0.88,0.68,0.51,0.51
UnOrdinary,19,48239,49,0.57,0.58,0.44,0.44
UnOrdinary,20,24056,64,0.56,0.84,0.6,0.6
The Remarried Empress,1,84872,71,0.76,0.77,0.78,0.78
The Remarried Empress,2,89087,75,0.74,0.64,0.73,0.73
The Remarried Empress,3,70140,45,0.51,0.76,0.6,0.6
The Remarried Empress,4,83916,46,0.58,0.9,0.29,0.29
The Remarried Empress,5,70587,60,0.48,0.71,0.54,0.54
The Remarried Empress,6,82984,79,0.47,0.64,0.28,0.28
The Remarried Empress,7,41731,75,0.62,0.66,0.62,0.62
The Remarried Empress,8,73143,42,0.67,0.77,0.38,0.38
The Remarried Empress,9,64752,53,0.57,0.84,0.48,0.48
The Remarried Empress,10,72345,40,0.66,0.87,0.78,0.78
The Remarried Empress,11,53747,62,0.62,0.65,0.63,0.63
The Remarried Empress,12,44527,51,0.32,0.82,0.66,0.66
The Remarried Empress,13,78767,62,0.71,0.88,0.49,0.49
The Remarried Empress,14,52117,71,0.73,0.72,0.53,0.53
The Remarried Empress,15,37178,64,0.62,0.64,0.43,0.43
The Remarried Empress,16,55706,49,0.66,0.77,0.3,0.3
The Remarried Empress,17,56218,79,0.4,0.73,0.58,0.58
The Remarried Empress,18,20528,48,0.81,0.7,0.68,0.68
The Remarried Empress,19,53212,62,0.58,0.63,0.46,0.46
The Remarried Empress,20,32190,63,0.8,0.91,0.56,0.56
SubZero,1,73034,48,0.77,0.92,0.72,0.72
SubZero,2,70523,69,0.76,0.96,0.58,0.58
SubZero,3,63897,66,0.6,0.82,0.47,0.47
SubZero,4,60652,64,0.75,0.7,0.47,0.47
SubZero,5,65577,43,0.65,0.79,0.71,0.71
SubZero,6,50680,60,0.79,0.68,0.89,0.89
SubZero,7,59781,54,0.79,0.82,0.92,0.92
SubZero,8,48503,63,0.51,0.8,0.7,0.7
SubZero,9,45611,70,0.81,0.77,0.54,0.54
SubZero,10,54541,47,0.63,0.77,0.84,0.84
SubZero,11,33530,66,0.79,0.7,0.62,0.62
SubZero,12,31549,77,0.84,0.7,0.68,0.68
SubZero,13,37502,52,0.49,0.69,0.71,0.71
SubZero,14,36811,76,0.41,0.87,0.73,0.73
SubZero,15,52930,72,0.74,0.69,0.58,0.58
SubZero,16,40432,73,0.44,0.87,0.44,0.44
SubZero,17,35275,76,0.45,0.62,0.85,0.85
SubZero,18,30483,73,0.49,0.66,0.7,0.7
SubZero,19,34783,42,0.47,0.74,0.74,0.74
SubZero,20,31753,72,0.64,0.69,0.48,0.48
Cursed Princess Club,1,60189,40,0.63,0.79,0.41,0.41
Cursed Princess Club,2,59297,46,0.68,0.63,0.44,0.44
Cursed Princess Club,3,62409,75,0.68,0.87,0.63,0.63
Cursed Princess Club,4,50331,58,0.93,0.66,0.42,0.42
Cursed Princess Club,5,47269,60,0.62,0.76,0.53,0.53
Cursed Princess Club,6,44585,58,0.67,0.6,0.68,0.68
Cursed Princess Club,7,45620,62,0.64,0.57,0.51,0.51
Cursed Princess Club,8,44341,40,0.72,0.67,0.58,0.58
Cursed Princess Club,9,46665,52,0.52,0.99,0.53,0.53
Cursed Princess Club,10,38402,52,0.79,0.77,0.42,0.42
Cursed Princess Club,11,31152,41,0.54,0.69,0.49,0.49
Cursed Princess Club,12,32067,49,0.79,0.58,0.36,0.36
Cursed Princess Club,13,52527,73,0.68,0.82,0.4,0.4
Cursed Princess Club,14,38060,57,0.58,0.97,0.62,0.62
Cursed Princess Club,15,42828,43,0.72,0.74,0.25,0.25
Cursed Princess Club,16,20070,42,0.82,0.84,0.67,0.67
Cursed Princess Club,17,63073,70,0.79,0.84,0.45,0.45
Cursed Princess Club,18,35005,54,0.65,0.73,0.45,0.45
Cursed Princess Club,19,29319,42,0.64,0.88,0.48,0.48
Cursed Princess Club,20,33955,79,0.64,0.8,0.32,0.32
Boyfriends,1,69449,65,0.32,0.81,0.91,0.91
Boyfriends,2,68373,52,0.59,0.88,0.84,0.84
Boyfriends,3,66758,46,0.45,0.57,1.0,1.0
Boyfriends,4,57518,80,0.32,0.52,0.89,0.89
Boyfriends,5,63812,42,0.55,0.62,0.8,0.8
Boyfriends,6,63731,59,0.35,0.55,0.88,0.88
Boyfriends,7,58284,54,0.38,0.63,0.96,0.96
Boyfriends,8,48093,79,0.31,0.54,0.93,0.93
Boyfriends,9,58937,68,0.41,0.53,0.77,0.77
Boyfriends,10,46585,41,0.27,0.54,0.88,0.88
Boyfriends,11,40963,69,0.46,0.48,0.97,0.97
Boyfriends,12,55162,63,0.46,0.71,0.76,0.76
Boyfriends,13,43680,64,0.54,0.73,0.86,0.86
Boyfriends,14,42497,77,0.28,0.55,0.99,0.99
Boyfriends,15,46133,65,0.36,0.5,0.94,0.94
Boyfriends,16,45738,61,0.43,0.44,0.89,0.89
Boyfriends,17,53821,69,0.41,0.53,0.94,0.94
Boyfriends,18,56525,40,0.45,0.55,1.0,1.0
Boyfriends,19,38689,72,0.45,0.62,0.95,0.95
Boyfriends,20,36678,51,0.45,0.68,0.98,0.98
Down to Earth,1,64606,44,0.44,0.58,0.82,0.82
Down to Earth,2,65720,52,0.35,0.4,0.77,0.77
Down to Earth,3,57816,79,0.47,0.5,1.0,1.0
Down to Earth,4,63466,64,0.48,0.7,1.0,1.0
Down to Earth,5,59719,43,0.52,0.55,0.93,0.93
Down to Earth,6,62668,78,0.35,0.58,1.0,1.0
Down to Earth,7,56901,40,0.54,0.76,0.86,0.86
Down to Earth,8,53757,42,0.45,0.76,0.85,0.85
Down to Earth,9,54860,66,0.15,0.75,1.0,1.0
Down to Earth,10,44442,41,0.5,0.46,0.85,0.85
Down to Earth,11,55572,79,0.19,0.47,0.93,0.93
Down to Earth,12,46121,72,0.33,0.81,1.0,1.0
Down to Earth,13,50417,47,0.36,0.71,0.83,0.83
Down to Earth,14,51681,72,0.4,0.58,0.99,0.99
Down to Earth,15,39117,45,0.49,0.56,0.95,0.95
Down to Earth,16,43705,49,0.25,0.48,0.84,0.84
Down to Earth,17,61163,52,0.52,0.42,0.84,0.84
Down to Earth,18,47066,58,0.58,0.54,0.97,0.97
Down to Earth,19,30573,63,0.26,0.67,0.99,0.99
Down to Earth,20,35282,64,0.52,0.63,0.85,0.85
The Boxer,1,74282,48,0.68,0.89,0.4,0.4
The Boxer,2,71528,41,0.74,0.89,0.46,0.46
The Boxer,3,66175,50,0.59,0.86,0.56,0.56
The Boxer,4,52767,78,0.64,0.77,0.66,0.66
The Boxer,5,60721,76,0.74,0.67,0.57,0.57
The Boxer,6,59553,65,0.72,0.78,0.52,0.52
The Boxer,7,57990,72,0.73,0.98,0.47,0.47
The Boxer,8,39605,48,0.6,0.64,0.45,0.45
The Boxer,9,48644,58,0.76,0.77,0.49,0.49
The Boxer,10,63367,76,0.65,0.82,0.37,0.37
The Boxer,11,34760,54,0.54,0.94,0.42,0.42
The Boxer,12,27900,46,0.73,0.83,0.52,0.52
The Boxer,13,33856,50,0.66,0.67,0.44,0.44
The Boxer,14,34803,73,0.66,0.63,0.53,0.53
The Boxer,15,45794,71,0.66,0.78,0.46,0.46
The Boxer,16,28196,41,0.76,0.64,0.59,0.59
The Boxer,17,31736,70,0.84,0.87,0.67,0.67
The Boxer,18,20154,63,0.83,0.98,0.4,0.4
The Boxer,19,38023,48,0.54,0.99,0.62,0.62
The Boxer,20,32294,79,0.71,1.0,0.46,0.46
Bastard,1,83356,61,0.71,0.93,0.96,0.96
Bastard,2,77944,74,0.78,0.96,0.73,0.73
Bastard,3,81861,51,0.69,0.95,0.67,0.67
Bastard,4,76162,58,0.64,0.88,0.73,0.73
Bastard,5,80500,71,0.65,0.95,0.71,0.71
Bastard,6,75027,52,0.7,0.92,0.89,0.89
Bastard,7,79861,49,0.72,0.96,0.75,0.75
Bastard,8,88574,69,0.65,0.89,0.57,0.57
Bastard,9,73999,60,0.72,0.83,0.45,0.45
Bastard,10,71187,67,0.72,0.88,0.85,0.85
Bastard,11,80512,79,0.47,0.92,0.54,0.54
Bastard,12,60624,45,0.57,0.9,0.71,0.71
Bastard,13,67347,54,0.4,0.95,0.74,0.74
Bastard,14,63075,45,0.58,0.89,0.62,0.62
Bastard,15,68341,59,0.68,0.92,0.56,0.56
Bastard,16,64706,64,0.54,0.88,0.58,0.58
Bastard,17,48814,52,0.6,1.0,0.55,0.55
Bastard,18,72973,49,0.52,0.93,0.9,0.9
Bastard,19,54026,47,0.65,0.79,0.8,0.8
Bastard,20,62101,53,0.7,0.79,0.98,0.98
Sweet Home,1,85296,58,0.73,0.91,0.72,0.72
Sweet Home,2,81630,57,0.67,0.92,0.74,0.74
Sweet Home,3,82074,43,0.63,0.88,0.37,0.37
Sweet Home,4,72573,40,0.52,0.89,0.73,0.73
Sweet Home,5,80454,57,0.68,0.87,0.75,0.75
Sweet Home,6,69986,65,0.62,0.84,0.72,0.72
Sweet Home,7,81490,66,0.6,0.93,0.74,0.74
Sweet Home,8,73693,75,0.53,0.92,0.81,0.81
Sweet Home,9,73630,40,0.61,0.92,0.61,0.61
Sweet Home,10,73784,50,0.63,0.84,0.8,0.8
Sweet Home,11,59096,53,0.55,0.97,0.6,0.6
Sweet Home,12,68603,59,0.41,0.87,0.69,0.69
Sweet Home,13,66423,43,0.7,0.97,0.78,0.78
Sweet Home,14,69248,68,0.55,0.96,0.49,0.49
Sweet Home,15,59294,60,0.8,0.83,0.75,0.75
Sweet Home,16,75453,57,0.87,0.94,0.74,0.74
Sweet Home,17,46875,60,0.57,0.93,0.55,0.55
Sweet Home,18,63105,58,0.5,0.89,0.87,0.87
Sweet Home,19,45152,79,0.74,0.9,0.61,0.61
Sweet Home,20,56443,79,0.66,0.88,0.49,0.49
See You in My 19th Life,1,63613,62,0.3,0.63,1.0,1.0
See You in My 19th Life,2,63662,43,0.35,0.74,0.88,0.88
See You in My 19th Life,3,57928,57,0.51,0.58,0.85,0.85
See You in My 19th Life,4,56670,71,0.45,0.73,0.87,0.87
See You in My 19th Life,5,57882,54,0.46,0.6,0.99,0.99
See You in My 19th Life,6,56115,44,0.48,0.64,0.91,0.91
See You in My 19th Life,7,51918,72,0.33,0.53,0.9,0.9
See You in My 19th Life,8,52307,79,0.5,0.63,0.94,0.94
See You in My 19th Life,9,49017,70,0.57,0.63,0.93,0.93
See You in My 19th Life,10,49425,40,0.55,0.64,1.0,1.0
See You in My 19th Life,11,44003,52,0.22,0.56,0.93,0.93
See You in My 19th Life,12,45534,64,0.51,0.48,0.9,0.9
See You in My 19th Life,13,41716,41,0.42,0.69,0.86,0.86
See You in My 19th Life,14,47426,70,0.44,0.59,0.83,0.83
See You in My 19th Life,15,47912,80,0.57,0.6,0.81,0.81
See You in My 19th Life,16,35885,78,0.24,0.56,0.71,0.71
See You in My 19th Life,17,48339,64,0.35,0.71,0.93,0.93
See You in My 19th Life,18,33913,69,0.5,0.52,0.96,0.96
See You in My 19th Life,19,33711,61,0.35,0.65,0.97,0.97
See You in My 19th Life,20,32160,55,0.42,0.64,0.95,0.95
Business Proposal,1,61175,57,0.67,0.7,0.87,0.87
Business Proposal,2,57005,62,0.35,0.65,0.79,0.79
Business Proposal,3,56140,43,0.34,0.46,0.73,0.73
Business Proposal,4,52595,40,0.71,0.7,0.64,0.64
Business Proposal,5,53294,72,0.36,0.64,0.89,0.89
Business Proposal,6,51408,72,0.22,0.62,0.77,0.77
Business Proposal,7,52903,74,0.41,0.61,1.0,1.0
Business Proposal,8,48688,69,0.23,0.65,0.85,0.85
Business Proposal,9,48098,45,0.46,0.4,0.83,0.83
Business Proposal,10,47310,50,0.41,0.54,1.0,1.0
Business Proposal,11,40351,77,0.37,0.62,0.79,0.79
Business Proposal,12,40057,79,0.38,0.49,0.77,0.77
Business Proposal,13,41482,45,0.36,0.53,1.0,1.0
Business Proposal,14,39556,73,0.48,0.8,1.0,1.0
Business Proposal,15,33381,80,0.37,0.5,0.99,0.99
Business Proposal,16,47364,51,0.4,0.51,0.96,0.96
Business Proposal,17,32306,42,0.47,0.55,0.92,0.92
Business Proposal,18,27311,56,0.44,0.68,0.98,0.98
Business Proposal,19,43487,55,0.37,0.54,0.92,0.92
Business Proposal,20,28868,63,0.27,0.53,0.96,0.96
Navillera,1,52575,80,0.31,0.85,0.7,0.7
Navillera,2,45676,56,0.49,0.84,1.0,1.0
Navillera,3,53194,52,0.47,0.92,0.81,0.81
Navillera,4,42930,45,0.61,0.92,0.83,0.83
Navillera,5,37623,78,0.44,0.47,0.77,0.77
Navillera,6,44375,53,0.42,0.29,0.72,0.72
Navillera,7,22959,63,0.63,0.45,0.76,0.76
Navillera,8,18945,43,0.41,0.83,0.97,0.97
Navillera,9,41237,75,0.46,0.68,0.76,0.76
Navillera,10,19837,48,0.59,0.62,1.0,1.0
Navillera,11,43344,60,0.39,0.71,0.95,0.95
Navillera,12,23868,40,0.41,0.55,0.78,0.78
Navillera,13,16974,75,0.4,0.54,0.82,0.82
Navillera,14,14750,41,0.48,0.79,0.9,0.9
Navillera,15,13242,42,0.47,0.89,0.77,0.77
Navillera,16,45224,73,0.63,0.87,0.83,0.83
Navillera,17,35283,70,0.39,0.67,0.91,0.91
Navillera,18,10923,57,0.43,0.64,0.96,0.96
Navillera,19,12317,80,0.52,0.56,0.98,0.98
Navillera,20,57272,45,0.58,0.64,1.0,1.0
Your Throne,1,66515,75,0.58,0.77,0.62,0.62
Your Throne,2,62364,45,0.56,0.76,0.94,0.94
Your Throne,3,62690,72,0.57,0.92,0.62,0.62
Your Throne,4,55800,65,0.72,0.62,0.86,0.86
Your Throne,5,62008,43,0.12,0.93,0.74,0.74
Your Throne,6,56148,57,0.67,0.8,0.64,0.64
Your Throne,7,53768,75,0.26,0.81,0.58,0.58
Your Throne,8,53853,57,0.21,0.87,0.58,0.58
Your Throne,9,56280,46,0.57,0.92,0.5,0.5
Your Throne,10,38857,40,0.53,0.65,0.64,0.64
Your Throne,11,77922,61,0.43,0.7,0.8,0.8
Your Throne,12,34689,57,0.63,0.78,0.75,0.75
Your Throne,13,49696,73,0.9,0.82,0.49,0.49
Your Throne,14,46569,66,0.32,0.73,0.87,0.87
Your Throne,15,49419,47,0.59,0.83,0.65,0.65
Your Throne,16,51662,41,0.88,0.71,0.61,0.61
Your Throne,17,30623,75,0.57,0.81,0.41,0.41
Your Throne,18,44685,47,0.64,0.67,0.84,0.84
Your Throne,19,40943,49,0.8,0.75,0.66,0.66
Your Throne,20,37201,61,0.87,0.8,0.73,0.73
Men of the Harem,1,59325,57,0.6,0.83,0.6,0.6
Men of the Harem,2,56345,63,0.42,0.72,0.53,0.53
Men of the Harem,3,51060,51,0.55,0.64,0.51,0.51
Men of the Harem,4,60661,64,0.78,0.81,0.58,0.58
Men of the Harem,5,44376,69,0.76,0.89,0.7,0.7
Men of the Harem,6,43130,42,0.46,0.94,0.5,0.5
Men of the Harem,7,44180,43,0.52,0.64,0.56,0.56
Men of the Harem,8,44640,79,0.72,0.73,0.85,0.85
Men of the Harem,9,48471,64,0.58,0.83,0.51,0.51
Men of the Harem,10,51352,75,0.58,0.75,0.74,0.74
Men of the Harem,11,27946,79,0.5,0.83,0.82,0.82
Men of the Harem,12,39153,50,0.56,0.75,0.6,0.6
Men of the Harem,13,35016,77,0.59,0.57,0.78,0.78
Men of the Harem,14,18274,58,0.56,0.75,0.41,0.41
Men of the Harem,15,36810,57,0.56,0.83,0.65,0.65
Men of the Harem,16,23521,56,0.4,0.85,0.56,0.56
Men of the Harem,17,52448,44,0.5,0.76,0.38,0.38
Men of the Harem,18,41558,74,0.82,0.72,0.46,0.46
Men of the Harem,19,40844,73,0.64,0.71,0.72,0.72
Men of the Harem,20,22997,49,0.5,0.73,0.52,0.52
Suitor Armor,1,55166,47,0.41,0.68,0.45,0.45
Suitor Armor,2,58395,74,0.44,0.59,0.69,0.69
Suitor Armor,3,50496,48,0.79,0.8,0.47,0.47
Suitor Armor,4,48442,60,0.87,0.78,0.92,0.92
Suitor Armor,5,45341,59,0.77,0.78,0.64,0.64
Suitor Armor,6,58134,50,0.45,0.65,0.62,0.62
Suitor Armor,7,30294,56,0.46,0.73,0.47,0.47
Suitor Armor,8,40412,56,0.67,0.65,0.83,0.83
Suitor Armor,9,42459,46,0.54,0.73,0.31,0.31
Suitor Armor,10,42032,75,0.79,0.71,0.72,0.72
Suitor Armor,11,38127,44,0.52,0.73,0.73,0.73
Suitor Armor,12,53193,72,0.81,0.82,0.43,0.43
Suitor Armor,13,27925,53,0.75,0.64,0.42,0.42
Suitor Armor,14,39498,74,0.72,0.81,0.71,0.71
Suitor Armor,15,25239,75,0.9,0.88,0.64,0.64
Suitor Armor,16,35788,50,0.52,0.83,0.6,0.6
Suitor Armor,17,30643,79,0.77,0.82,0.72,0.72
Suitor Armor,18,24297,44,0.34,0.82,0.51,0.51
Suitor Armor,19,28516,47,0.45,0.6,0.71,0.71
Suitor Armor,20,32545,57,0.67,0.87,0.8,0.8
Eaternal Nocturnal,1,60657,42,0.31,0.52,0.91,0.91
Eaternal Nocturnal,2,59478,55,0.44,0.6,0.87,0.87
Eaternal Nocturnal,3,56674,74,0.4,0.47,0.74,0.74
Eaternal Nocturnal,4,57454,48,0.26,0.81,0.82,0.82
Eaternal Nocturnal,5,57280,71,0.23,0.8,1.0,1.0
Eaternal Nocturnal,6,52502,56,0.53,0.6,0.86,0.86
Eaternal Nocturnal,7,48570,75,0.54,0.76,0.68,0.68
Eaternal Nocturnal,8,46542,80,0.31,0.62,0.91,0.91
Eaternal Nocturnal,9,47460,73,0.58,0.65,0.88,0.88
Eaternal Nocturnal,10,55455,58,0.39,0.73,0.86,0.86
Eaternal Nocturnal,11,37789,72,0.5,0.51,0.87,0.87
Eaternal Nocturnal,12,41457,73,0.42,0.71,1.0,1.0
Eaternal Nocturnal,13,34146,63,0.42,0.6,0.94,0.94
Eaternal Nocturnal,14,38961,47,0.39,0.53,1.0,1.0
Eaternal Nocturnal,15,44745,59,0.33,0.72,0.82,0.82
Eaternal Nocturnal,16,28770,59,0.6,0.72,0.9,0.9
Eaternal Nocturnal,17,41985,55,0.35,0.38,0.73,0.73
Eaternal Nocturnal,18,47567,68,0.37,0.63,0.88,0.88
Eaternal Nocturnal,19,40193,62,0.39,0.8,0.86,0.86
Eaternal Nocturnal,20,26880,77,0.38,0.66,0.97,0.97
Operation: True Love,1,53589,62,0.43,0.55,0.81,0.81
Operation: True Love,2,54254,55,0.45,0.57,0.85,0.85
Operation: True Love,3,47474,73,0.41,0.58,0.92,0.92
Operation: True Love,4,49934,56,0.38,0.66,0.96,0.96
Operation: True Love,5,46510,69,0.22,0.48,0.79,0.79
Operation: True Love,6,43771,74,0.44,0.57,0.69,0.69
Operation: True Love,7,44990,41,0.39,0.68,1.0,1.0
Operation: True Love,8,44694,44,0.42,0.71,0.98,0.98
Operation: True Love,9,38508,50,0.4,0.37,0.92,0.92
Operation: True Love,10,36620,58,0.43,0.69,0.94,0.94
Operation: True Love,11,37489,46,0.32,0.4,1.0,1.0
Operation: True Love,12,42632,52,0.56,0.57,0.91,0.91
Operation: True Love,13,35526,44,0.39,0.58,1.0,1.0
Operation: True Love,14,32812,46,0.23,0.79,0.81,0.81
Operation: True Love,15,29345,70,0.38,0.54,0.93,0.93
Operation: True Love,16,34334,46,0.53,0.71,0.85,0.85
Operation: True Love,17,38790,65,0.23,0.53,0.75,0.75
Operation: True Love,18,47816,64,0.59,0.45,0.91,0.91
Operation: True Love,19,31398,75,0.38,0.52,0.93,0.93
Operation: True Love,20,22848,63,0.39,0.8,0.85,0.85
Maybe Meant to Be,1,55963,75,0.34,0.71,0.82,0.82
Maybe Meant to Be,2,54963,49,0.37,0.45,1.0,1.0
Maybe Meant to Be,3,53710,62,0.44,0.52,1.0,1.0
Maybe Meant to Be,4,49575,72,0.22,0.66,0.93,0.93
Maybe Meant to Be,5,48579,41,0.49,0.67,0.99,0.99
Maybe Meant to Be,6,43219,46,0.13,0.39,0.91,0.91
Maybe Meant to Be,7,51191,67,0.33,0.62,0.91,0.91
Maybe Meant to Be,8,45493,53,0.48,0.54,0.99,0.99
Maybe Meant to Be,9,41728,67,0.53,0.62,0.81,0.81
Maybe Meant to Be,10,36891,73,0.22,0.47,0.86,0.86
Maybe Meant to Be,11,42711,59,0.5,0.7,0.93,0.93
Maybe Meant to Be,12,41562,40,0.26,0.42,0.87,0.87
Maybe Meant to Be,13,43675,62,0.35,0.47,0.9,0.9
Maybe Meant to Be,14,40386,79,0.43,0.62,0.95,0.95
Maybe Meant to Be,15,33991,61,0.38,0.43,0.95,0.95
Maybe Meant to Be,16,55011,58,0.43,0.54,0.79,0.79
Maybe Meant to Be,17,46431,56,0.3,0.68,1.0,1.0
Maybe Meant to Be,18,38303,67,0.42,0.63,0.97,0.97
Maybe Meant to Be,19,35255,57,0.26,0.57,0.98,0.98
Maybe Meant to Be,20,29539,64,0.48,0.47,0.79,0.79
Marry My Husband,1,63333,65,0.37,0.63,0.94,0.94
Marry My Husband,2,58930,46,0.21,0.41,0.97,0.97
Marry My Husband,3,63139,49,0.35,0.55,0.89,0.89
Marry My Husband,4,58974,74,0.4,0.58,0.95,0.95
Marry My Husband,5,55120,78,0.42,0.84,0.8,0.8
Marry My Husband,6,54125,57,0.47,0.67,0.92,0.92
Marry My Husband,7,47894,68,0.37,0.7,0.97,0.97
Marry My Husband,8,45704,45,0.47,0.62,1.0,1.0
Marry My Husband,9,49887,80,0.6,0.61,0.77,0.77
Marry My Husband,10,44263,65,0.42,0.85,0.75,0.75
Marry My Husband,11,48027,56,0.41,0.89,0.96,0.96
Marry My Husband,12,43514,41,0.33,0.66,0.96,0.96
Marry My Husband,13,35539,50,0.42,0.61,0.77,0.77
Marry My Husband,14,41272,57,0.37,0.88,0.79,0.79
Marry My Husband,15,46748,54,0.3,0.58,0.93,0.93
Marry My Husband,16,48209,68,0.49,0.53,0.82,0.82
Marry My Husband,17,37066,79,0.35,0.78,0.97,0.97
Marry My Husband,18,43946,47,0.45,0.38,0.82,0.82
Marry My Husband,19,44480,54,0.47,0.43,0.98,0.98
Marry My Husband,20,41630,70,0.5,0.51,0.99,0.99
Doom Breaker,1,67154,58,0.61,0.92,0.59,0.59
Doom Breaker,2,61308,41,0.54,0.77,0.63,0.63
Doom Breaker,3,61189,73,0.83,0.73,0.26,0.26
Doom Breaker,4,62949,53,0.72,0.77,0.57,0.57
Doom Breaker,5,59216,48,0.64,0.66,0.54,0.54
Doom Breaker,6,50993,45,0.93,0.92,0.45,0.45
Doom Breaker,7,38988,56,0.65,0.78,0.56,0.56
Doom Breaker,8,59732,80,0.77,0.69,0.48,0.48
Doom Breaker,9,37454,49,0.68,0.6,0.48,0.48
Doom Breaker,10,42191,43,0.66,0.94,0.35,0.35
Doom Breaker,11,33530,73,0.56,0.86,0.46,0.46
Doom Breaker,12,34260,67,0.64,0.75,0.52,0.52
Doom Breaker,13,39257,61,0.74,0.53,0.67,0.67
Doom Breaker,14,39480,40,0.77,0.66,0.54,0.54
Doom Breaker,15,33866,77,0.7,0.84,0.52,0.52
Doom Breaker,16,21840,55,0.61,0.72,0.45,0.45
Doom Breaker,17,35365,63,0.71,0.99,0.42,0.42
Doom Breaker,18,32822,53,0.76,0.77,0.55,0.55
Doom Breaker,19,27454,43,0.61,0.88,0.5,0.5
Doom Breaker,20,22650,74,0.66,0.93,0.52,0.52
66666 Years: Advent of the Dark Mage,1,52042,61,0.73,0.79,0.6,0.6
66666 Years: Advent of the Dark Mage,2,58093,42,0.7,0.91,0.63,0.63
66666 Years: Advent of the Dark Mage,3,47021,50,0.66,0.88,0.77,0.77
66666 Years: Advent of the Dark Mage,4,47670,65,0.57,0.62,0.43,0.43
66666 Years: Advent of the Dark Mage,5,42215,74,0.16,0.67,0.7,0.7
66666 Years: Advent of the Dark Mage,6,47042,73,0.52,0.67,0.62,0.62
66666 Years: Advent of the Dark Mage,7,41840,63,0.56,0.81,0.68,0.68
66666 Years: Advent of the Dark Mage,8,44702,58,0.64,0.64,0.58,0.58
66666 Years: Advent of the Dark Mage,9,42770,61,0.6,0.85,0.41,0.41
66666 Years: Advent of the Dark Mage,10,41592,63,0.79,0.59,0.67,0.67
66666 Years: Advent of the Dark Mage,11,31951,49,0.63,0.68,0.68,0.68
66666 Years: Advent of the Dark Mage,12,37056,45,0.54,0.77,0.61,0.61
66666 Years: Advent of the Dark Mage,13,33070,54,0.67,0.76,0.62,0.62
66666 Years: Advent of the Dark Mage,14,39131,73,0.62,0.75,0.79,0.79
66666 Years: Advent of the Dark Mage,15,29513,74,0.5,0.79,0.59,0.59
66666 Years: Advent of the Dark Mage,16,24113,75,0.47,0.88,0.61,0.61
66666 Years: Advent of the Dark Mage,17,27380,74,0.62,0.79,0.57,0.57
66666 Years: Advent of the Dark Mage,18,36151,45,0.73,0.66,0.33,0.33
66666 Years: Advent of the Dark Mage,19,39501,65,0.66,0.7,0.6,0.6
66666 Years: Advent of the Dark Mage,20,20583,59,0.58,0.81,0.6,0.6
The Advanced Player of the Tutorial Tower,1,56184,49,0.74,0.4,0.47,0.47
The Advanced Player of the Tutorial Tower,2,56004,58,0.84,0.61,0.44,0.44
The Advanced Player of the Tutorial Tower,3,57101,61,0.76,1.0,0.55,0.55
The Advanced Player of the Tutorial Tower,4,43527,51,0.69,1.0,0.58,0.58
The Advanced Player of the Tutorial Tower,5,40373,68,0.59,0.78,0.61,0.61
The Advanced Player of the Tutorial Tower,6,55197,76,0.62,1.0,0.4,0.4
The Advanced Player of the Tutorial Tower,7,44846,56,0.75,0.6,0.46,0.46
The Advanced Player of the Tutorial Tower,8,35912,72,0.66,0.82,0.52,0.52
The Advanced Player of the Tutorial Tower,9,30967,72,0.92,0.59,0.29,0.29
The Advanced Player of the Tutorial Tower,10,32687,74,0.74,0.9,0.55,0.55
The Advanced Player of the Tutorial Tower,11,31861,70,0.65,1.0,0.57,0.57
The Advanced Player of the Tutorial Tower,12,45628,78,0.71,0.7,0.53,0.53
The Advanced Player of the Tutorial Tower,13,26469,51,0.64,0.62,0.48,0.48
The Advanced Player of the Tutorial Tower,14,30226,59,0.84,0.87,0.52,0.52
The Advanced Player of the Tutorial Tower,15,19274,80,0.79,0.76,0.31,0.31
The Advanced Player of the Tutorial Tower,16,14513,59,0.57,0.77,0.58,0.58
The Advanced Player of the Tutorial Tower,17,36179,44,0.68,0.91,0.61,0.61
The Advanced Player of the Tutorial Tower,18,30299,41,0.6,0.95,0.68,0.68
The Advanced Player of the Tutorial Tower,19,19892,60,0.59,0.57,0.51,0.51
The Advanced Player of the Tutorial Tower,20,23535,43,0.81,0.99,0.35,0.35
Return of the Blossoming Blade,1,71713,70,0.93,0.89,0.73,0.73
Return of the Blossoming Blade,2,67712,61,0.75,0.65,0.51,0.51
Return of the Blossoming Blade,3,68094,63,0.68,0.95,0.29,0.29
Return of the Blossoming Blade,4,59900,50,0.72,0.75,0.64,0.64
Return of the Blossoming Blade,5,57436,67,0.57,1.0,0.51,0.51
Return of the Blossoming Blade,6,51836,58,0.73,0.74,0.45,0.45
Return of the Blossoming Blade,7,54987,64,0.75,0.79,0.42,0.42
Return of the Blossoming Blade,8,59360,69,0.6,1.0,0.43,0.43
Return of the Blossoming Blade,9,42417,68,0.83,0.88,0.47,0.47
Return of the Blossoming Blade,10,47852,66,0.65,0.87,0.45,0.45
Return of the Blossoming Blade,11,48944,58,0.65,0.88,0.45,0.45
Return of the Blossoming Blade,12,54449,58,0.83,0.89,0.47,0.47
Return of the Blossoming Blade,13,42742,53,0.9,0.77,0.33,0.33
Return of the Blossoming Blade,14,37458,42,0.63,0.86,0.42,0.42
Return of the Blossoming Blade,15,32200,40,0.73,0.72,0.51,0.51
Return of the Blossoming Blade,16,29744,45,0.68,0.78,0.49,0.49
Return of the Blossoming Blade,17,26049,51,0.67,0.78,0.36,0.36
Return of the Blossoming Blade,18,49894,66,0.45,1.0,0.65,0.65
Return of the Blossoming Blade,19,20694,45,0.55,0.73,0.24,0.24
Return of the Blossoming Blade,20,28027,76,0.6,0.81,0.46,0.46
Leveling Up with the Gods,1,56294,50,0.6,0.75,0.67,0.67
Leveling Up with the Gods,2,59630,78,0.7,0.86,0.56,0.56
Leveling Up with the Gods,3,51622,52,0.84,0.7,0.43,0.43
Leveling Up with the Gods,4,47238,51,0.77,1.0,0.57,0.57
Leveling Up with the Gods,5,53728,78,0.75,0.68,0.55,0.55
Leveling Up with the Gods,6,43951,55,0.76,0.72,0.43,0.43
Leveling Up with the Gods,7,55035,42,0.74,0.87,0.55,0.55
Leveling Up with the Gods,8,38579,57,0.96,1.0,0.51,0.51
Leveling Up with the Gods,9,61629,69,0.77,0.72,0.55,0.55
Leveling Up with the Gods,10,31123,75,0.65,0.96,0.6,0.6
Leveling Up with the Gods,11,34412,71,0.76,1.0,0.43,0.43
Leveling Up with the Gods,12,36774,70,0.59,0.99,0.33,0.33
Leveling Up with the Gods,13,29920,68,0.67,1.0,0.39,0.39
Leveling Up with the Gods,14,30565,52,0.61,0.77,0.61,0.61
Leveling Up with the Gods,15,34871,65,0.6,0.97,0.16,0.16
Leveling Up with the Gods,16,23805,60,0.74,0.53,0.47,0.47
Leveling Up with the Gods,17,51399,49,0.6,0.89,0.55,0.55
Leveling Up with the Gods,18,10615,77,0.86,0.82,0.43,0.43
Leveling Up with the Gods,19,23749,44,0.63,1.0,0.47,0.47
Leveling Up with the Gods,20,26782,54,0.72,0.8,0.52,0.52
Nano Machine,1,70451,56,0.73,1.0,0.58,0.58
Nano Machine,2,62432,72,0.72,0.7,0.54,0.54
Nano Machine,3,61137,76,0.7,0.97,0.6,0.6
Nano Machine,4,48069,65,0.79,0.72,0.48,0.48
Nano Machine,5,62534,44,0.55,0.73,0.49,0.49
Nano Machine,6,61811,80,0.57,0.82,0.42,0.42
Nano Machine,7,64585,44,0.68,0.84,0.63,0.63
Nano Machine,8,42855,45,0.73,0.69,0.69,0.69
Nano Machine,9,38447,59,0.66,0.52,0.24,0.24
Nano Machine,10,42237,54,0.73,0.74,0.3,0.3
Nano Machine,11,41091,71,0.68,0.99,0.52,0.52
Nano Machine,12,57663,49,0.57,0.87,0.44,0.44
Nano Machine,13,21852,40,0.55,0.75,0.39,0.39
Nano Machine,14,21006,45,0.59,0.77,0.53,0.53
Nano Machine,15,45473,43,0.77,0.63,0.47,0.47
Nano Machine,16,22602,62,0.83,0.49,0.52,0.52
Nano Machine,17,23350,52,0.85,0.97,0.42,0.42
Nano Machine,18,15894,48,0.93,0.74,0.59,0.59
Nano Machine,19,24955,43,0.76,0.79,0.48,0.48
Nano Machine,20,15625,69,0.71,0.75,0.38,0.38
Designated Bully,1,47966,44,0.54,0.8,0.49,0.49
Designated Bully,2,47426,50,0.72,0.82,0.68,0.68
Designated Bully,3,46359,57,0.54,0.89,0.55,0.55
Designated Bully,4,43107,59,0.67,0.97,0.52,0.52
Designated Bully,5,41040,60,0.62,0.63,0.61,0.61
Designated Bully,6,37859,69,1.0,0.91,0.48,0.48
Designated Bully,7,34354,76,0.68,0.65,0.55,0.55
Designated Bully,8,32934,64,1.0,0.61,0.36,0.36
Designated Bully,9,28058,57,0.79,0.6,0.63,0.63
Designated Bully,10,40832,78,0.73,0.71,0.47,0.47
Designated Bully,11,26518,62,0.68,1.0,0.47,0.47
Designated Bully,12,24029,59,0.56,0.94,0.46,0.46
Designated Bully,13,20857,58,0.63,1.0,0.37,0.37
Designated Bully,14,32839,70,0.69,0.99,0.45,0.45
Designated Bully,15,19890,43,0.44,0.47,0.51,0.51
Designated Bully,16,21754,70,0.74,0.76,0.42,0.42
Designated Bully,17,20547,70,0.64,0.84,0.49,0.49
Designated Bully,18,20894,50,0.79,0.57,0.55,0.55
Designated Bully,19,27301,66,0.6,0.59,0.62,0.62
Designated Bully,20,12143,74,0.48,1.0,0.47,0.47
Get Schooled,1,60830,42,0.74,0.64,0.5,0.5
Get Schooled,2,61580,48,0.63,0.77,0.44,0.44
Get Schooled,3,60821,64,0.6,0.86,0.62,0.62
Get Schooled,4,55846,75,0.61,0.64,0.65,0.65
Get Schooled,5,54445,61,0.75,0.87,0.6,0.6
Get Schooled,6,56350,56,0.87,0.65,0.25,0.25
Get Schooled,7,35360,53,0.74,0.65,0.43,0.43
Get Schooled,8,45074,64,0.56,0.62,0.36,0.36
Get Schooled,9,41773,72,0.62,1.0,0.63,0.63
Get Schooled,10,35215,57,0.86,0.78,0.47,0.47
Get Schooled,11,40447,46,0.7,0.93,0.49,0.49
Get Schooled,12,44001,80,0.71,0.79,0.62,0.62
Get Schooled,13,27450,77,0.79,0.81,0.58,0.58
Get Schooled,14,28264,69,0.48,1.0,0.45,0.45
Get Schooled,15,24782,71,0.73,0.89,0.49,0.49
Get Schooled,16,36932,69,0.74,0.8,0.73,0.73
Get Schooled,17,45776,70,0.6,0.74,0.51,0.51
Get Schooled,18,46240,69,0.72,0.66,0.56,0.56
Get Schooled,19,12590,43,0.72,0.41,0.4,0.4
Get Schooled,20,30635,56,0.65,0.97,0.5,0.5
Reality Quest,1,51291,49,0.78,0.76,0.59,0.59
Reality Quest,2,51392,71,0.65,0.89,0.39,0.39
Reality Quest,3,48882,40,0.71,0.96,0.27,0.27
Reality Quest,4,41595,64,0.85,0.96,0.41,0.41
Reality Quest,5,31954,53,0.61,0.47,0.44,0.44
Reality Quest,6,37338,48,0.8,0.71,0.58,0.58
Reality Quest,7,37239,42,0.57,0.87,0.41,0.41
Reality Quest,8,36172,58,0.7,0.78,0.4,0.4
Reality Quest,9,42858,69,0.79,0.61,0.47,0.47
Reality Quest,10,27326,56,0.62,0.62,0.52,0.52
Reality Quest,11,34725,80,0.72,0.99,0.47,0.47
Reality Quest,12,29478,45,0.61,0.85,0.59,0.59
Reality Quest,13,19305,66,0.82,0.6,0.65,0.65
Reality Quest,14,32364,74,0.6,1.0,0.37,0.37
Reality Quest,15,25003,70,0.8,0.93,0.53,0.53
Reality Quest,16,16958,57,0.68,0.75,0.59,0.59
Reality Quest,17,17820,44,0.49,0.76,0.29,0.29
Reality Quest,18,25560,74,0.79,0.99,0.56,0.56
Reality Quest,19,26845,60,0.67,0.81,0.59,0.59
Reality Quest,20,26864,59,0.62,0.37,0.23,0.23
Questism,1,54468,63,0.81,0.99,0.31,0.31
Questism,2,49697,66,0.52,0.58,0.66,0.66
Questism,3,46141,76,0.67,0.9,0.61,0.61
Questism,4,42100,53,0.66,1.0,0.54,0.54
Questism,5,44209,80,0.74,0.68,0.46,0.46
Questism,6,43084,43,0.76,0.77,0.57,0.57
Questism,7,32629,45,0.68,0.83,0.44,0.44
Questism,8,32059,43,0.79,0.64,0.56,0.56
Questism,9,31452,59,0.62,1.0,0.4,0.4
Questism,10,36405,47,0.79,0.88,0.44,0.44
Questism,11,42324,50,0.68,0.96,0.54,0.54
Questism,12,26713,44,0.66,0.7,0.56,0.56
Questism,13,27622,60,0.7,0.8,0.49,0.49
Questism,14,42962,66,0.76,0.78,0.66,0.66
Questism,15,21344,73,0.6,0.84,0.36,0.36
Questism,16,21619,61,0.62,0.84,0.71,0.71
Questism,17,9524,72,0.65,0.66,0.54,0.54
Questism,18,35773,53,0.66,1.0,0.54,0.54
Questism,19,12048,46,0.71,0.84,0.47,0.47
Questism,20,21032,58,0.72,0.77,0.41,0.41
My Dear Cold-Blooded King,1,67233,70,0.42,0.64,1.0,1.0
My Dear Cold-Blooded King,2,67632,64,0.27,0.82,0.91,0.91
My Dear Cold-Blooded King,3,61848,56,0.3,0.74,0.83,0.83
My Dear Cold-Blooded King,4,65124,50,0.4,0.5,0.79,0.79
My Dear Cold-Blooded King,5,62845,55,0.28,0.65,0.91,0.91
My Dear Cold-Blooded King,6,57645,59,0.49,0.6,0.98,0.98
My Dear Cold-Blooded King,7,51029,67,0.52,0.68,0.83,0.83
My Dear Cold-Blooded King,8,52525,60,0.52,0.52,1.0,1.0
My Dear Cold-Blooded King,9,55482,70,0.31,0.66,0.87,0.87
My Dear Cold-Blooded King,10,51030,42,0.33,0.48,0.94,0.94
My Dear Cold-Blooded King,11,48237,57,0.49,0.6,0.86,0.86
My Dear Cold-Blooded King,12,46428,77,0.4,0.71,0.68,0.68
My Dear Cold-Blooded King,13,47963,55,0.5,0.63,0.93,0.93
My Dear Cold-Blooded King,14,42023,73,0.35,0.6,0.89,0.89
My Dear Cold-Blooded King,15,44085,62,0.4,0.72,0.81,0.81
My Dear Cold-Blooded King,16,51466,53,0.32,0.67,0.97,0.97
My Dear Cold-Blooded King,17,34355,48,0.45,0.48,1.0,1.0
My Dear Cold-Blooded King,18,28378,55,0.43,0.7,0.84,0.84
My Dear Cold-Blooded King,19,42043,69,0.53,0.61,0.87,0.87
My Dear Cold-Blooded King,20,49811,57,0.47,0.55,0.89,0.89
Midnight Poppy Land,1,73499,70,0.44,0.57,1.0,1.0
Midnight Poppy Land,2,73066,60,0.4,0.67,0.96,0.96
Midnight Poppy Land,3,69368,40,0.44,0.69,1.0,1.0
Midnight Poppy Land,4,64197,58,0.53,0.66,0.83,0.83
Midnight Poppy Land,5,56967,71,0.47,0.7,0.87,0.87
Midnight Poppy Land,6,67075,64,0.34,0.62,0.91,0.91
Midnight Poppy Land,7,58777,69,0.53,0.62,0.98,0.98
Midnight Poppy Land,8,54905,43,0.3,0.66,0.87,0.87
Midnight Poppy Land,9,54530,41,0.42,0.65,0.93,0.93
Midnight Poppy Land,10,51841,79,0.36,0.47,0.79,0.79
Midnight Poppy Land,11,51492,70,0.3,0.57,0.89,0.89
Midnight Poppy Land,12,53521,75,0.45,0.58,0.88,0.88
Midnight Poppy Land,13,49774,43,0.35,0.46,0.83,0.83
Midnight Poppy Land,14,58594,57,0.42,0.52,0.96,0.96
Midnight Poppy Land,15,49225,66,0.49,0.54,0.79,0.79
Midnight Poppy Land,16,34750,74,0.4,0.64,0.82,0.82
Midnight Poppy Land,17,73291,65,0.25,0.65,0.75,0.75
Midnight Poppy Land,18,52834,61,0.41,0.7,1.0,1.0
Midnight Poppy Land,19,30062,74,0.55,0.63,0.85,0.85
Midnight Poppy Land,20,35007,69,0.66,0.56,0.68,0.68
Age Matters,1,64813,53,0.55,0.47,0.86,0.86
Age Matters,2,63232,48,0.54,0.63,1.0,1.0
Age Matters,3,59997,71,0.41,0.56,0.86,0.86
Age Matters,4,54371,71,0.33,0.37,0.75,0.75
Age Matters,5,54536,41,0.31,0.53,0.95,0.95
Age Matters,6,53648,80,0.27,0.36,0.97,0.97
Age Matters,7,54543,41,0.27,0.61,0.88,0.88
Age Matters,8,49337,66,0.37,0.73,0.89,0.89
Age Matters,9,51497,64,0.55,0.63,0.78,0.78
Age Matters,10,49173,52,0.22,0.48,0.95,0.95
Age Matters,11,45444,63,0.42,0.66,0.79,0.79
Age Matters,12,38505,54,0.25,0.66,1.0,1.0
Age Matters,13,52784,61,0.58,0.54,0.78,0.78
Age Matters,14,37060,40,0.48,0.66,0.92,0.92
Age Matters,15,39981,72,0.47,0.61,1.0,1.0
Age Matters,16,40566,73,0.37,0.77,0.78,0.78
Age Matters,17,35667,41,0.31,0.5,0.93,0.93
Age Matters,18,33186,58,0.6,0.85,0.89,0.89
Age Matters,19,35681,69,0.44,0.57,0.85,0.85
Age Matters,20,49825,63,0.43,0.55,0.88,0.88
Edith,1,53579,71,0.3,0.59,0.91,0.91
Edith,2,49747,48,0.46,0.47,0.97,0.97
Edith,3,47805,53,0.3,0.68,0.97,0.97
Edith,4,47846,65,0.38,0.66,0.9,0.9
Edith,5,43897,65,0.42,0.66,0.95,0.95
Edith,6,36117,51,0.39,0.57,1.0,1.0
Edith,7,44754,41,0.29,0.71,0.85,0.85
Edith,8,44728,45,0.49,0.59,0.98,0.98
Edith,9,45756,47,0.37,0.5,0.88,0.88
Edith,10,45689,50,0.63,0.48,0.89,0.89
Edith,11,32466,69,0.38,0.75,1.0,1.0
Edith,12,36136,76,0.29,0.65,0.99,0.99
Edith,13,36964,48,0.57,0.59,0.96,0.96
Edith,14,32907,47,0.45,0.58,0.92,0.92
Edith,15,47652,72,0.21,0.7,0.98,0.98
Edith,16,26905,68,0.36,0.79,0.95,0.95
Edith,17,27398,62,0.27,0.6,0.89,0.89
Edith,18,36289,52,0.47,0.6,0.88,0.88
Edith,19,25399,50,0.31,0.54,0.93,0.93
Edith,20,26769,75,0.47,0.52,1.0,1.0
Purple Hyacinth,1,87158,63,0.73,0.91,0.88,0.88
Purple Hyacinth,2,83475,53,0.68,0.83,0.73,0.73
Purple Hyacinth,3,83798,51,0.54,0.92,0.72,0.72
Purple Hyacinth,4,79971,73,0.6,0.86,0.71,0.71
Purple Hyacinth,5,93326,41,0.78,0.8,0.56,0.56
Purple Hyacinth,6,85062,51,0.61,0.9,0.57,0.57
Purple Hyacinth,7,79679,52,0.75,0.92,0.5,0.5
Purple Hyacinth,8,75140,75,0.65,0.91,0.75,0.75
Purple Hyacinth,9,77379,65,0.76,0.86,0.58,0.58
Purple Hyacinth,10,78314,51,0.46,0.92,0.73,0.73
Purple Hyacinth,11,65543,44,0.79,0.87,0.72,0.72
Purple Hyacinth,12,80463,77,0.53,0.89,0.62,0.62
Purple Hyacinth,13,51446,69,0.63,1.0,0.7,0.7
Purple Hyacinth,14,79899,43,0.63,0.8,0.78,0.78
Purple Hyacinth,15,67109,59,0.76,0.83,0.82,0.82
Purple Hyacinth,16,62462,53,0.64,0.82,0.88,0.88
Purple Hyacinth,17,85411,71,0.49,0.9,0.6,0.6
Purple Hyacinth,18,56731,53,0.77,0.91,0.79,0.79
Purple Hyacinth,19,40115,48,0.54,0.83,0.64,0.64
Purple Hyacinth,20,81142,59,0.61,0.91,0.62,0.62
Not Even Bones,1,61205,42,0.69,0.91,0.75,0.75
Not Even Bones,2,60958,58,0.55,0.89,0.43,0.43
Not Even Bones,3,56938,60,0.63,0.97,0.58,0.58
Not Even Bones,4,53275,79,0.87,0.91,0.55,0.55
Not Even Bones,5,54420,75,0.62,0.89,0.68,0.68
Not Even Bones,6,54456,60,0.67,0.9,0.92,0.92
Not Even Bones,7,65287,44,0.65,0.83,0.84,0.84
Not Even Bones,8,48007,68,0.55,0.85,0.54,0.54
Not Even Bones,9,51792,45,0.65,0.93,1.0,1.0
Not Even Bones,10,50114,71,0.65,0.92,0.55,0.55
Not Even Bones,11,58785,63,0.64,0.94,0.74,0.74
Not Even Bones,12,49609,66,0.64,0.96,0.42,0.42
Not Even Bones,13,52413,62,0.63,0.86,0.91,0.91
Not Even Bones,14,46837,79,0.8,0.89,0.71,0.71
Not Even Bones,15,57880,68,0.4,0.87,0.73,0.73
Not Even Bones,16,45022,40,0.77,0.88,0.98,0.98
Not Even Bones,17,46163,61,0.68,0.93,0.63,0.63
Not Even Bones,18,34569,57,0.61,0.89,0.77,0.77
Not Even Bones,19,73813,58,0.59,0.96,0.57,0.57
Not Even Bones,20,24473,50,0.69,0.83,0.76,0.76
Everything is Fine,1,50969,53,0.64,0.88,0.77,0.77
Everything is Fine,2,51247,48,0.56,0.95,0.62,0.62
Everything is Fine,3,49102,58,0.74,0.88,0.68,0.68
Everything is Fine,4,48323,59,0.5,0.94,0.9,0.9
Everything is Fine,5,48615,80,0.77,0.92,0.66,0.66
Everything is Fine,6,43807,67,0.52,0.9,0.83,0.83
Everything is Fine,7,46030,49,0.73,0.88,0.7,0.7
Everything is Fine,8,46939,69,0.6,0.85,0.95,0.95
Everything is Fine,9,41616,73,0.56,0.94,0.71,0.71
Everything is Fine,10,40916,50,0.67,0.89,0.77,0.77
Everything is Fine,11,42202,46,0.61,0.97,0.38,0.38
Everything is Fine,12,47045,47,0.65,0.91,0.71,0.71
Everything is Fine,13,39168,78,0.51,0.94,0.75,0.75
Everything is Fine,14,37514,80,0.52,0.97,1.0,1.0
Everything is Fine,15,49430,61,0.65,0.94,0.55,0.55
Everything is Fine,16,43199,45,0.61,0.9,0.54,0.54
Everything is Fine,17,48989,69,0.73,0.95,0.98,0.98
Everything is Fine,18,43913,62,0.58,0.94,0.78,0.78
Everything is Fine,19,44516,78,0.63,0.81,0.83,0.83
Everything is Fine,20,30763,80,0.62,0.87,0.61,0.61
Homesick,1,45552,44,0.44,0.95,0.75,0.75
Homesick,2,45556,52,0.69,0.91,0.75,0.75
Homesick,3,45102,62,0.82,0.91,0.84,0.84
Homesick,4,43612,79,0.59,0.88,0.72,0.72
Homesick,5,43090,49,0.7,0.97,0.69,0.69
Homesick,6,39572,54,0.61,0.88,0.55,0.55
Homesick,7,39200,79,0.67,0.86,0.46,0.46
Homesick,8,37028,72,0.68,0.92,0.42,0.42
Homesick,9,33714,68,0.66,0.96,0.68,0.68
Homesick,10,36993,60,0.54,0.97,0.67,0.67
Homesick,11,39554,47,0.61,0.91,0.64,0.64
Homesick,12,40645,61,0.68,0.87,0.76,0.76
Homesick,13,30738,45,0.68,0.94,0.73,0.73
Homesick,14,35011,62,0.66,0.95,0.59,0.59
Homesick,15,37622,41,0.56,1.0,0.74,0.74
Homesick,16,36412,59,0.69,0.87,1.0,1.0
Homesick,17,31912,51,0.69,0.93,0.67,0.67
Homesick,18,32462,79,0.74,0.88,0.82,0.82
Homesick,19,22407,62,0.72,0.92,0.66,0.66
Homesick,20,28860,79,0.63,0.91,0.5,0.5
Stagtown,1,43041,46,0.62,0.97,0.99,0.99
Stagtown,2,43520,59,0.68,0.92,0.5,0.5
Stagtown,3,40713,41,0.49,0.87,0.61,0.61
Stagtown,4,42526,49,0.74,0.91,0.59,0.59
Stagtown,5,41560,64,0.65,0.9,0.9,0.9
Stagtown,6,34747,67,0.71,0.93,0.53,0.53
Stagtown,7,40559,71,0.68,0.9,0.66,0.66
Stagtown,8,42372,68,0.76,0.92,0.86,0.86
Stagtown,9,36484,40,0.71,0.88,0.9,0.9
Stagtown,10,33271,75,0.61,0.86,0.61,0.61
Stagtown,11,41976,67,0.61,0.96,0.69,0.69
Stagtown,12,41272,55,0.59,0.95,0.75,0.75
Stagtown,13,31062,46,0.65,0.92,0.68,0.68
Stagtown,14,33822,52,0.65,0.94,0.49,0.49
Stagtown,15,32578,73,0.63,0.92,0.68,0.68
Stagtown,16,25657,68,0.77,0.94,0.48,0.48
Stagtown,17,29208,52,0.55,0.9,0.54,0.54
Stagtown,18,37417,40,0.81,0.94,0.83,0.83
Stagtown,19,26937,43,0.5,0.93,0.39,0.39
Stagtown,20,30380,55,0.66,0.91,0.74,0.74
GremoryLand,1,40871,43,0.56,0.91,0.78,0.78
GremoryLand,2,40495,71,0.59,0.89,0.62,0.62
GremoryLand,3,40658,44,0.65,0.94,0.69,0.69
GremoryLand,4,38942,78,0.66,0.8,0.67,0.67
GremoryLand,5,35444,41,0.61,0.87,0.85,0.85
GremoryLand,6,39942,48,0.64,0.9,0.56,0.56
GremoryLand,7,34792,58,0.62,0.94,0.7,0.7
GremoryLand,8,36310,47,0.88,0.82,0.94,0.94
GremoryLand,9,30704,75,0.67,0.97,0.82,0.82
GremoryLand,10,38724,62,0.53,0.83,0.9,0.9
GremoryLand,11,26621,61,0.73,0.82,0.96,0.96
GremoryLand,12,33099,46,0.6,0.94,0.78,0.78
GremoryLand,13,29208,49,0.62,0.9,0.91,0.91
GremoryLand,14,36621,50,0.65,0.87,0.81,0.81
GremoryLand,15,35854,46,0.52,0.81,0.44,0.44
GremoryLand,16,31445,66,0.63,0.91,0.81,0.81
GremoryLand,17,25741,48,0.66,0.96,1.0,1.0
GremoryLand,18,27556,52,0.52,0.87,0.81,0.81
GremoryLand,19,19302,56,0.68,0.94,0.69,0.69
GremoryLand,20,23253,74,0.69,0.94,0.58,0.58
Ghost Teller,1,58412,56,0.57,0.87,0.72,0.72
Ghost Teller,2,56224,69,0.68,0.86,0.55,0.55
Ghost Teller,3,59226,77,0.64,0.94,0.77,0.77
Ghost Teller,4,57177,55,0.48,0.9,0.61,0.61
Ghost Teller,5,56095,63,0.56,1.0,0.61,0.61
Ghost Teller,6,49926,51,0.66,0.79,0.66,0.66
Ghost Teller,7,61354,51,0.66,0.9,0.98,0.98
Ghost Teller,8,49295,52,0.51,0.89,0.78,0.78
Ghost Teller,9,48191,64,0.67,0.86,0.63,0.63
Ghost Teller,10,48900,70,0.67,0.88,0.74,0.74
Ghost Teller,11,51727,50,0.64,0.88,0.61,0.61
Ghost Teller,12,47738,65,0.82,0.88,0.78,0.78
Ghost Teller,13,48510,69,0.58,0.85,0.57,0.57
Ghost Teller,14,35689,66,0.63,0.81,0.71,0.71
Ghost Teller,15,52754,67,0.61,0.95,0.9,0.9
Ghost Teller,16,48716,49,0.74,0.9,0.78,0.78
Ghost Teller,17,40625,49,0.68,0.92,0.8,0.8
Ghost Teller,18,45290,54,0.73,0.92,0.9,0.9
Ghost Teller,19,39358,67,0.7,0.85,0.71,0.71
Ghost Teller,20,37914,59,0.61,0.88,0.64,0.64
Hell Is Other People,1,56659,75,0.43,0.92,0.84,0.84
Hell Is Other People,2,55517,48,0.66,0.88,0.73,0.73
Hell Is Other People,3,55890,44,0.58,0.81,0.73,0.73
Hell Is Other People,4,54547,67,0.77,0.94,0.82,0.82
Hell Is Other People,5,50370,64,0.55,0.88,0.74,0.74
Hell Is Other People,6,51973,60,0.65,0.88,0.67,0.67
Hell Is Other People,7,49070,80,0.71,0.92,0.61,0.61
Hell Is Other People,8,42196,42,0.74,0.88,0.73,0.73
Hell Is Other People,9,49270,63,0.63,0.92,0.59,0.59
Hell Is Other People,10,41597,48,0.57,0.9,0.88,0.88
Hell Is Other People,11,43302,43,0.67,0.93,0.75,0.75
Hell Is Other People,12,49298,78,0.68,0.9,0.71,0.71
Hell Is Other People,13,52086,77,0.78,0.92,0.69,0.69
Hell Is Other People,14,39704,41,0.69,0.86,0.93,0.93
Hell Is Other People,15,40372,80,0.61,0.9,0.61,0.61
Hell Is Other People,16,38040,49,0.73,0.99,0.74,0.74
Hell Is Other People,17,41924,79,0.68,0.82,0.66,0.66
Hell Is Other People,18,32292,48,0.48,0.83,0.72,0.72
Hell Is Other People,19,29099,74,0.68,0.78,0.65,0.65
Hell Is Other People,20,45081,59,0.73,0.9,0.78,0.78
Acception,1,45151,66,0.54,0.58,0.84,0.84
Acception,2,44003,69,0.47,0.52,0.78,0.78
Acception,3,48897,53,0.58,0.84,0.82,0.82
Acception,4,29886,50,0.33,0.36,0.82,0.82
Acception,5,32407,78,0.51,0.64,0.93,0.93
Acception,6,38294,70,0.59,0.82,0.82,0.82
Acception,7,31842,45,0.37,0.76,0.89,0.89
Acception,8,28746,43,0.55,0.67,0.85,0.85
Acception,9,25010,56,0.55,0.52,0.96,0.96
Acception,10,28287,56,0.59,0.53,0.69,0.69
Acception,11,11760,52,0.48,0.54,1.0,1.0
Acception,12,11668,67,0.48,0.68,0.83,0.83
Acception,13,23771,54,0.59,0.77,0.87,0.87
Acception,14,37114,68,0.56,0.54,0.74,0.74
Acception,15,17311,45,0.53,0.7,1.0,1.0
Acception,16,13263,73,0.29,0.65,1.0,1.0
Acception,17,25573,80,0.43,0.46,0.93,0.93
Acception,18,15428,50,0.55,0.78,0.83,0.83
Acception,19,31299,73,0.64,0.72,0.94,0.94
Acception,20,20821,77,0.52,0.88,0.81,0.81
Odd Girl Out,1,62910,52,0.38,0.38,0.64,0.64
Odd Girl Out,2,56939,72,0.41,0.64,1.0,1.0
Odd Girl Out,3,60029,76,0.45,1.0,0.75,0.75
Odd Girl Out,4,42248,70,0.35,0.52,0.82,0.82
Odd Girl Out,5,45040,76,0.66,0.57,0.71,0.71
Odd Girl Out,6,51386,54,0.9,0.76,1.0,1.0
Odd Girl Out,7,50180,41,0.42,0.69,0.87,0.87
Odd Girl Out,8,42647,49,0.46,0.74,0.69,0.69
Odd Girl Out,9,36689,73,0.51,0.61,0.85,0.85
Odd Girl Out,10,17387,73,0.59,0.79,0.92,0.92
Odd Girl Out,11,67477,77,0.6,0.69,0.92,0.92
Odd Girl Out,12,32515,53,0.58,0.68,0.82,0.82
Odd Girl Out,13,27645,74,0.38,0.81,0.85,0.85
Odd Girl Out,14,18858,58,0.45,0.61,0.78,0.78
Odd Girl Out,15,11256,79,0.29,0.59,0.88,0.88
Odd Girl Out,16,22583,71,0.41,0.56,1.0,1.0
Odd Girl Out,17,21662,60,0.47,0.9,0.86,0.86
Odd Girl Out,18,32148,69,0.37,0.8,0.76,0.76
Odd Girl Out,19,26764,46,0.56,0.4,0.79,0.79
Odd Girl Out,20,39186,55,0.54,0.61,0.71,0.71
Lookism,1,68205,59,0.38,0.59,0.8,0.8
Lookism,2,66364,69,0.49,0.89,0.7,0.7
Lookism,3,53273,70,0.67,0.79,0.8,0.8
Lookism,4,48891,58,0.46,0.44,1.0,1.0
Lookism,5,57089,63,0.51,0.72,0.78,0.78
Lookism,6,59732,66,0.61,0.69,0.77,0.77
Lookism,7,57411,54,0.58,0.9,0.85,0.85
Lookism,8,52447,47,0.44,0.66,0.84,0.84
Lookism,9,31285,44,0.51,0.5,0.69,0.69
Lookism,10,45910,57,0.35,0.38,0.67,0.67
Lookism,11,26157,47,0.47,0.93,1.0,1.0
Lookism,12,54406,61,0.64,0.62,0.81,0.81
Lookism,13,42922,72,0.56,0.63,0.85,0.85
Lookism,14,17929,68,0.57,0.43,0.94,0.94
Lookism,15,45182,42,0.51,0.78,0.94,0.94
Lookism,16,36507,47,0.59,0.57,0.75,0.75
Lookism,17,10430,65,0.54,0.58,0.98,0.98
Lookism,18,38064,59,0.33,0.78,0.86,0.86
Lookism,19,27655,56,0.45,0.78,0.92,0.92
Lookism,20,12257,45,0.51,0.65,0.79,0.79
Weak Hero,1,74693,71,0.81,0.81,0.71,0.71
Weak Hero,2,68849,62,0.72,0.58,0.56,0.56
Weak Hero,3,68185,42,0.6,0.93,0.46,0.46
Weak Hero,4,52827,46,0.73,0.85,0.47,0.47
Weak Hero,5,62631,61,0.68,0.89,0.44,0.44
Weak Hero,6,61158,46,0.51,0.71,0.46,0.46
Weak Hero,7,67760,45,0.81,0.75,0.4,0.4
Weak Hero,8,51528,67,0.73,0.75,0.45,0.45
Weak Hero,9,52175,57,0.54,0.8,0.75,0.75
Weak Hero,10,35755,71,0.49,0.73,0.58,0.58
Weak Hero,11,29501,47,0.58,0.79,0.52,0.52
Weak Hero,12,31728,66,0.59,0.76,0.46,0.46
Weak Hero,13,45790,54,0.8,0.82,0.41,0.41
Weak Hero,14,38501,70,0.66,0.87,0.62,0.62
Weak Hero,15,47340,75,0.7,0.79,0.45,0.45
Weak Hero,16,50334,80,0.77,0.84,0.37,0.37
Weak Hero,17,27067,63,0.69,0.75,0.62,0.62
Weak Hero,18,31153,78,0.76,0.9,0.55,0.55
Weak Hero,19,33831,79,0.58,1.0,0.6,0.6
Weak Hero,20,33513,62,0.69,0.8,0.63,0.63
Wind Breaker,1,65149,53,0.6,0.53,0.84,0.84
Wind Breaker,2,58463,73,0.49,0.68,1.0,1.0
Wind Breaker,3,58312,70,0.7,0.78,0.94,0.94
Wind Breaker,4,55740,57,0.38,0.48,0.81,0.81
Wind Breaker,5,62346,69,0.52,0.63,0.87,0.87
Wind Breaker,6,54007,48,0.64,0.53,0.9,0.9
Wind Breaker,7,40727,53,0.52,0.86,0.94,0.94
Wind Breaker,8,37831,57,0.53,0.7,0.9,0.9
Wind Breaker,9,38364,67,0.5,1.0,0.86,0.86
Wind Breaker,10,44601,63,0.56,0.72,0.93,0.93
Wind Breaker,11,50320,50,0.58,0.83,0.77,0.77
Wind Breaker,12,30620,75,0.56,0.69,0.89,0.89
Wind Breaker,13,27741,60,0.57,0.85,0.96,0.96
Wind Breaker,14,19112,71,0.5,1.0,0.88,0.88
Wind Breaker,15,38656,63,0.52,0.78,0.9,0.9
Wind Breaker,16,17145,60,0.76,0.33,0.84,0.84
Wind Breaker,17,34932,66,0.37,0.78,0.81,0.81
Wind Breaker,18,33571,55,0.43,0.54,0.77,0.77
Wind Breaker,19,11682,63,0.68,0.46,0.87,0.87
Wind Breaker,20,9148,80,0.44,0.7,0.86,0.86
Pyramid Game,1,52769,55,0.6,0.57,0.76,0.76
Pyramid Game,2,42300,78,0.52,0.56,0.81,0.81
Pyramid Game,3,51680,50,0.55,0.67,0.95,0.95
Pyramid Game,4,49984,52,0.59,0.5,0.94,0.94
Pyramid Game,5,41387,59,0.53,0.57,0.97,0.97
Pyramid Game,6,37723,40,0.56,0.77,0.75,0.75
Pyramid Game,7,27053,59,0.55,0.65,0.88,0.88
Pyramid Game,8,56858,63,0.22,0.77,0.89,0.89
Pyramid Game,9,32172,50,0.6,0.9,0.72,0.72
Pyramid Game,10,27282,78,0.58,0.77,0.78,0.78
Pyramid Game,11,34107,55,0.45,0.59,1.0,1.0
Pyramid Game,12,34479,50,0.61,0.65,0.9,0.9
Pyramid Game,13,53112,58,0.49,0.34,0.86,0.86
Pyramid Game,14,17364,70,0.39,0.68,0.83,0.83
Pyramid Game,15,23888,78,0.42,0.7,0.78,0.78
Pyramid Game,16,15077,76,0.45,0.66,0.94,0.94
Pyramid Game,17,7821,76,0.37,0.77,0.68,0.68
Pyramid Game,18,46310,78,0.61,0.86,0.84,0.84
Pyramid Game,19,17207,43,0.48,0.87,0.88,0.88
Pyramid Game,20,7315,53,0.44,0.51,0.79,0.79
Spirit Fingers,1,43116,47,0.58,0.37,0.7,0.7
Spirit Fingers,2,40112,55,0.6,0.64,1.0,1.0
Spirit Fingers,3,36707,75,0.64,0.55,0.98,0.98
Spirit Fingers,4,31954,74,0.47,0.7,0.91,0.91
Spirit Fingers,5,35685,76,0.59,0.64,0.74,0.74
Spirit Fingers,6,30036,72,0.46,0.74,0.89,0.89
Spirit Fingers,7,26959,74,0.6,0.68,0.72,0.72
Spirit Fingers,8,39974,50,0.45,0.58,0.9,0.9
Spirit Fingers,9,30446,72,0.7,0.58,0.75,0.75
Spirit Fingers,10,31336,77,0.57,0.89,0.81,0.81
Spirit Fingers,11,35486,80,0.35,0.69,0.87,0.87
Spirit Fingers,12,19063,50,0.58,0.22,0.91,0.91
Spirit Fingers,13,35970,59,0.38,0.68,0.88,0.88
Spirit Fingers,14,17816,58,0.57,0.5,0.87,0.87
Spirit Fingers,15,28788,64,0.46,0.65,0.8,0.8
Spirit Fingers,16,31005,76,0.57,0.65,0.85,0.85
Spirit Fingers,17,21604,67,0.49,0.78,0.87,0.87
Spirit Fingers,18,10164,66,0.55,0.74,0.83,0.83
Spirit Fingers,19,30283,56,0.56,0.51,0.79,0.79
Spirit Fingers,20,20214,56,0.3,0.78,0.77,0.77
Gourmet Hound,1,50911,62,0.55,0.82,0.88,0.88
Gourmet Hound,2,52578,41,0.57,0.55,0.92,0.92
Gourmet Hound,3,42449,40,0.45,0.6,0.8,0.8
Gourmet Hound,4,43528,65,0.42,0.44,0.9,0.9
Gourmet Hound,5,24395,51,0.52,0.63,0.8,0.8
Gourmet Hound,6,23816,50,0.52,0.64,0.93,0.93
Gourmet Hound,7,30526,80,0.52,0.73,1.0,1.0
Gourmet Hound,8,34011,67,0.51,0.62,0.83,0.83
Gourmet Hound,9,26521,78,0.48,0.99,0.84,0.84
Gourmet Hound,10,23479,79,0.53,0.65,0.83,0.83
Gourmet Hound,11,35574,46,0.54,1.0,0.79,0.79
Gourmet Hound,12,33333,46,0.59,0.5,0.94,0.94
Gourmet Hound,13,16510,44,0.62,0.34,0.82,0.82
Gourmet Hound,14,18839,50,0.53,0.63,1.0,1.0
Gourmet Hound,15,20003,59,0.5,0.81,0.74,0.74
Gourmet Hound,16,30906,75,0.53,0.74,0.81,0.81
Gourmet Hound,17,36692,77,0.66,0.86,0.85,0.85
Gourmet Hound,18,7333,49,0.53,0.62,0.91,0.91
Gourmet Hound,19,18229,50,0.53,0.56,0.78,0.78
Gourmet Hound,20,11843,78,0.67,0.61,0.87,0.87
Space Boy,1,44911,42,0.64,0.66,0.61,0.61
Space Boy,2,39081,57,0.28,0.69,0.44,0.44
Space Boy,3,36798,65,0.54,0.39,0.67,0.67
Space Boy,4,38397,41,0.42,0.72,0.55,0.55
Space Boy,5,32045,72,0.9,0.67,0.54,0.54
Space Boy,6,26773,74,0.52,0.77,0.56,0.56
Space Boy,7,26214,42,0.53,0.69,0.6,0.6
Space Boy,8,27221,58,0.63,0.76,0.58,0.58
Space Boy,9,30969,74,0.8,0.6,0.42,0.42
Space Boy,10,29451,41,0.46,0.67,0.88,0.88
Space Boy,11,17650,57,0.56,0.54,0.31,0.31
Space Boy,12,14481,76,0.75,0.52,0.42,0.42
Space Boy,13,17854,65,0.6,0.77,0.65,0.65
Space Boy,14,26657,60,0.52,0.83,0.73,0.73
Space Boy,15,7132,66,0.78,1.0,0.33,0.33
Space Boy,16,7437,74,0.71,0.53,0.54,0.54
Space Boy,17,18188,52,0.69,0.92,0.33,0.33
Space Boy,18,7804,55,0.45,0.43,0.49,0.49
Space Boy,19,15721,70,0.52,0.78,0.73,0.73
Space Boy,20,20744,71,0.6,0.66,0.53,0.53
Seed,1,39119,74,0.64,0.97,0.49,0.49
Seed,2,40853,65,0.47,0.92,0.7,0.7
Seed,3,34700,63,0.47,0.68,0.52,0.52
Seed,4,31365,56,0.54,0.69,0.39,0.39
Seed,5,32910,79,0.73,0.85,0.05,0.05
Seed,6,21056,73,0.73,0.45,0.53,0.53
Seed,7,33661,73,0.61,0.48,0.57,0.57
Seed,8,24302,70,0.66,0.69,0.63,0.63
Seed,9,15087,41,0.74,0.67,0.54,0.54
Seed,10,19514,71,0.83,0.56,0.47,0.47
Seed,11,48412,56,0.7,0.83,0.31,0.31
Seed,12,26390,47,0.62,0.75,0.76,0.76
Seed,13,18483,51,0.46,0.59,0.53,0.53
Seed,14,12797,54,0.67,0.49,0.5,0.5
Seed,15,12366,74,0.38,0.54,0.41,0.41
Seed,16,15868,74,0.77,0.5,0.43,0.43
Seed,17,8302,49,0.72,0.97,0.75,0.75
Seed,18,11388,80,0.45,0.74,0.73,0.73
Seed,19,10001,69,0.55,0.35,0.5,0.5
Seed,20,9645,59,0.4,0.59,0.41,0.41
In the Bleak Midwinter,1,38675,73,0.74,0.65,0.54,0.54
In the Bleak Midwinter,2,37183,51,0.59,0.71,0.46,0.46
In the Bleak Midwinter,3,45423,47,0.53,0.79,0.61,0.61
In the Bleak Midwinter,4,27654,56,0.84,0.59,0.31,0.31
In the Bleak Midwinter,5,29339,59,0.69,0.91,0.69,0.69
In the Bleak Midwinter,6,29491,54,0.53,0.5,0.48,0.48
In the Bleak Midwinter,7,32020,44,0.46,0.74,0.35,0.35
In the Bleak Midwinter,8,45532,78,0.5,0.62,0.47,0.47
In the Bleak Midwinter,9,19766,60,0.53,0.86,0.28,0.28
In the Bleak Midwinter,10,30383,70,0.72,0.72,0.34,0.34
In the Bleak Midwinter,11,22156,54,0.51,0.68,0.39,0.39
In the Bleak Midwinter,12,33892,49,0.43,0.58,0.65,0.65
In the Bleak Midwinter,13,14702,61,0.73,0.51,0.49,0.49
In the Bleak Midwinter,14,13849,65,0.6,0.79,0.53,0.53
In the Bleak Midwinter,15,32803,80,0.46,0.86,0.72,0.72
In the Bleak Midwinter,16,4545,43,0.54,0.82,0.64,0.64
In the Bleak Midwinter,17,14004,47,0.53,0.67,0.58,0.58
In the Bleak Midwinter,18,12028,74,0.55,0.55,0.47,0.47
In the Bleak Midwinter,19,22114,64,0.82,0.73,0.55,0.55
In the Bleak Midwinter,20,9010,69,0.77,0.56,0.56,0.56
Parallel City,1,37495,42,0.44,0.59,0.18,0.18
Parallel City,2,35420,56,0.65,0.8,0.57,0.57
Parallel City,3,31598,44,0.48,0.95,0.66,0.66
Parallel City,4,25884,48,0.48,0.57,0.58,0.58
Parallel City,5,29844,71,0.46,0.69,0.46,0.46
Parallel City,6,30158,65,0.79,0.56,0.32,0.32
Parallel City,7,16894,61,0.59,0.89,0.41,0.41
Parallel City,8,25852,62,0.53,0.75,0.63,0.63
Parallel City,9,19576,41,0.63,0.51,0.57,0.57
Parallel City,10,11510,64,0.63,0.67,0.52,0.52
Parallel City,11,16586,75,0.62,0.65,0.19,0.19
Parallel City,12,12766,62,0.47,0.62,0.6,0.6
Parallel City,13,12485,52,0.66,0.67,0.59,0.59
Parallel City,14,13130,54,0.82,0.77,0.57,0.57
Parallel City,15,11064,42,0.59,0.88,0.39,0.39
Parallel City,16,8292,63,0.37,0.93,0.52,0.52
Parallel City,17,16442,74,0.7,0.59,0.66,0.66
Parallel City,18,11903,54,0.68,0.69,0.66,0.66
Parallel City,19,19883,74,0.48,0.63,0.83,0.83
Parallel City,20,2766,78,0.63,0.63,0.51,0.51
Tales of the Unusual,1,54476,77,0.62,0.82,0.89,0.89
Tales of the Unusual,2,50822,56,0.5,0.81,0.94,0.94
Tales of the Unusual,3,46678,43,0.47,1.0,0.54,0.54
Tales of the Unusual,4,29478,61,0.4,0.86,0.99,0.99
Tales of the Unusual,5,31720,66,0.45,0.8,0.5,0.5
Tales of the Unusual,6,19015,54,0.49,0.85,0.71,0.71
Tales of the Unusual,7,33843,51,0.48,1.0,0.92,0.92
Tales of the Unusual,8,15565,68,0.41,0.78,0.69,0.69
Tales of the Unusual,9,25147,54,0.45,0.97,0.65,0.65
Tales of the Unusual,10,21368,43,0.4,0.94,0.78,0.78
Tales of the Unusual,11,11003,42,0.52,0.76,0.66,0.66
Tales of the Unusual,12,11404,62,0.33,0.99,0.78,0.78
Tales of the Unusual,13,21833,46,0.41,0.62,0.68,0.68
Tales of the Unusual,14,12891,55,0.55,0.8,0.74,0.74
Tales of the Unusual,15,2174,57,0.65,0.74,0.69,0.69
Tales of the Unusual,16,29537,54,0.6,0.99,0.79,0.79
Tales of the Unusual,17,68364,58,0.4,1.0,0.63,0.63
Tales of the Unusual,18,3867,54,0.47,0.89,0.87,0.87
Tales of the Unusual,19,4221,77,0.33,0.97,0.26,0.26
Tales of the Unusual,20,33632,70,0.53,0.82,0.41,0.41
Shotgun Boy,1,64722,80,0.56,0.87,0.84,0.84
Shotgun Boy,2,67225,50,0.33,0.95,0.8,0.8
Shotgun Boy,3,55181,52,0.52,1.0,1.0,1.0
Shotgun Boy,4,52351,68,0.53,0.83,0.69,0.69
Shotgun Boy,5,46368,50,0.35,0.83,0.54,0.54
Shotgun Boy,6,42004,43,0.47,0.81,0.71,0.71
Shotgun Boy,7,38332,67,0.38,0.83,0.81,0.81
Shotgun Boy,8,33294,50,0.44,1.0,0.75,0.75
Shotgun Boy,9,10670,67,0.52,0.63,0.64,0.64
Shotgun Boy,10,16955,68,0.38,0.86,0.74,0.74
Shotgun Boy,11,19791,67,0.45,0.95,0.61,0.61
Shotgun Boy,12,17124,78,0.47,0.98,1.0,1.0
Shotgun Boy,13,33933,42,0.4,0.85,0.54,0.54
Shotgun Boy,14,17616,42,0.28,0.88,0.72,0.72
Shotgun Boy,15,26087,62,0.39,0.96,0.93,0.93
Shotgun Boy,16,5413,41,0.45,0.93,0.68,0.68
Shotgun Boy,17,16246,60,0.34,0.83,0.69,0.69
Shotgun Boy,18,5089,66,0.53,0.99,0.63,0.63
Shotgun Boy,19,28556,41,0.56,0.95,0.56,0.56
Shotgun Boy,20,16266,41,0.51,0.71,0.56,0.56
Pigpen,1,63883,41,0.3,0.82,0.63,0.63
Pigpen,2,53857,56,0.49,0.73,0.7,0.7
Pigpen,3,50688,53,0.57,0.93,0.8,0.8
Pigpen,4,51486,66,0.42,0.87,0.52,0.52
Pigpen,5,68467,55,0.43,1.0,0.6,0.6
Pigpen,6,34131,47,0.37,0.83,0.84,0.84
Pigpen,7,25084,69,0.38,0.72,0.82,0.82
Pigpen,8,47390,69,0.57,0.83,0.92,0.92
Pigpen,9,57074,44,0.38,0.84,0.64,0.64
Pigpen,10,22997,54,0.37,0.78,1.0,1.0
Pigpen,11,25858,64,0.36,1.0,0.93,0.93
Pigpen,12,9520,42,0.29,1.0,1.0,1.0
Pigpen,13,15931,73,0.57,0.89,0.65,0.65
Pigpen,14,11482,50,0.57,0.72,0.83,0.83
Pigpen,15,21420,57,0.5,0.81,1.0,1.0
Pigpen,16,25026,77,0.5,1.0,0.84,0.84
Pigpen,17,5032,76,0.56,0.88,0.51,0.51
Pigpen,18,46946,49,0.34,0.74,0.27,0.27
Pigpen,19,18763,63,0.35,0.94,0.82,0.82
Pigpen,20,9213,67,0.46,0.86,0.75,0.75
The Groom,1,39961,41,0.57,0.92,0.96,0.96
The Groom,2,34798,55,0.47,0.81,0.65,0.65
The Groom,3,37795,49,0.37,0.95,0.77,0.77
The Groom,4,24127,79,0.55,0.87,0.8,0.8
The Groom,5,28158,50,0.6,0.83,0.95,0.95
The Groom,6,37549,45,0.54,0.74,0.91,0.91
The Groom,7,20335,69,0.53,0.93,0.65,0.65
The Groom,8,16856,67,0.53,0.88,0.56,0.56
The Groom,9,16381,48,0.35,0.72,0.64,0.64
The Groom,10,14591,62,0.53,0.84,0.57,0.57
The Groom,11,9312,62,0.72,0.73,0.92,0.92
The Groom,12,20025,44,0.38,0.77,0.51,0.51
The Groom,13,13490,45,0.55,0.81,0.78,0.78
The Groom,14,7446,56,0.51,0.66,0.65,0.65
The Groom,15,9692,74,0.45,0.85,0.85,0.85
The Groom,16,5781,70,0.44,0.86,0.48,0.48
The Groom,17,2253,66,0.36,0.83,0.88,0.88
The Groom,18,14795,66,0.36,0.87,0.3,0.3
The Groom,19,7366,40,0.41,0.72,0.7,0.7
The Groom,20,26372,68,0.52,0.8,0.97,0.97
Stalker,1,35097,40,0.58,0.77,0.75,0.75
Stalker,2,27165,71,0.38,0.95,0.88,0.88
Stalker,3,26181,75,0.32,0.91,0.67,0.67
Stalker,4,31143,44,0.17,0.79,1.0,1.0
Stalker,5,23965,55,0.48,0.85,0.82,0.82
Stalker,6,33899,57,0.49,0.99,0.91,0.91
Stalker,7,19553,78,0.42,0.62,1.0,1.0
Stalker,8,30363,76,0.51,0.92,0.77,0.77
Stalker,9,10263,78,0.47,0.95,0.81,0.81
Stalker,10,29235,57,0.46,0.89,0.92,0.92
Stalker,11,29664,60,0.44,0.7,0.47,0.47
Stalker,12,13591,73,0.42,0.94,0.92,0.92
Stalker,13,10649,71,0.52,0.87,0.57,0.57
Stalker,14,10824,79,0.31,0.84,1.0,1.0
Stalker,15,30801,74,0.51,0.82,0.57,0.57
Stalker,16,13694,75,0.43,0.76,0.62,0.62
Stalker,17,13988,71,0.53,0.74,0.83,0.83
Stalker,18,12016,43,0.64,1.0,0.72,0.72
Stalker,19,12164,68,0.35,0.74,0.31,0.31
Stalker,20,5364,58,0.54,0.66,0.99,0.99
Blue Chair,1,42659,54,0.69,0.79,0.56,0.56
Blue Chair,2,45851,43,0.74,0.93,0.54,0.54
Blue Chair,3,41025,42,0.76,0.92,0.68,0.68
Blue Chair,4,33598,66,0.72,0.87,0.53,0.53
Blue Chair,5,33651,49,0.58,0.72,0.23,0.23
Blue Chair,6,38767,62,0.68,0.86,0.41,0.41
Blue Chair,7,33135,53,0.79,0.85,0.47,0.47
Blue Chair,8,40540,62,0.66,0.84,0.35,0.35
Blue Chair,9,36781,77,0.8,0.66,0.54,0.54
Blue Chair,10,34981,74,0.6,1.0,0.27,0.27
Blue Chair,11,28114,41,0.68,0.88,0.47,0.47
Blue Chair,12,12016,67,0.81,0.94,0.45,0.45
Blue Chair,13,25612,66,0.81,0.73,0.41,0.41
Blue Chair,14,30240,67,0.82,0.8,0.52,0.52
Blue Chair,15,14643,61,0.65,0.81,0.6,0.6
Blue Chair,16,26897,77,0.73,0.98,0.57,0.57
Blue Chair,17,20830,60,0.51,0.79,0.52,0.52
Blue Chair,18,23489,71,0.62,0.78,0.46,0.46
Blue Chair,19,5203,74,0.82,0.54,0.37,0.37
Blue Chair,20,19578,47,0.73,0.56,0.53,0.53
My Giant Nerd Boyfriend,1,44237,54,0.61,0.74,0.54,0.54
My Giant Nerd Boyfriend,2,44952,59,0.61,0.64,0.57,0.57
My Giant Nerd Boyfriend,3,47560,72,0.62,0.82,0.54,0.54
My Giant Nerd Boyfriend,4,39708,56,0.81,0.95,0.55,0.55
My Giant Nerd Boyfriend,5,40891,59,0.7,0.95,0.4,0.4
My Giant Nerd Boyfriend,6,30596,41,0.61,0.76,0.6,0.6
My Giant Nerd Boyfriend,7,40987,40,0.65,0.79,0.65,0.65
My Giant Nerd Boyfriend,8,48938,72,0.84,0.67,0.48,0.48
My Giant Nerd Boyfriend,9,24161,49,0.76,0.89,0.45,0.45
My Giant Nerd Boyfriend,10,26887,53,0.51,0.82,0.55,0.55
My Giant Nerd Boyfriend,11,28124,51,0.81,0.67,0.6,0.6
My Giant Nerd Boyfriend,12,26746,69,0.55,0.84,0.63,0.63
My Giant Nerd Boyfriend,13,33671,59,0.59,0.66,0.57,0.57
My Giant Nerd Boyfriend,14,25459,76,0.72,0.83,0.37,0.37
My Giant Nerd Boyfriend,15,30515,60,0.65,0.76,0.64,0.64
My Giant Nerd Boyfriend,16,14854,75,0.67,0.67,0.5,0.5
My Giant Nerd Boyfriend,17,37435,79,0.61,0.46,0.34,0.34
My Giant Nerd Boyfriend,18,16992,66,0.66,0.95,0.52,0.52
My Giant Nerd Boyfriend,19,18835,69,0.82,0.62,0.36,0.36
My Giant Nerd Boyfriend,20,18778,49,0.59,0.51,0.41,0.41
Life Outside the Circle,1,34394,58,0.73,0.87,0.38,0.38
Life Outside the Circle,2,33376,80,0.6,0.89,0.72,0.72
Life Outside the Circle,3,34325,64,0.85,1.0,0.44,0.44
Life Outside the Circle,4,27379,75,0.71,1.0,0.51,0.51
Life Outside the Circle,5,28630,45,0.71,0.84,0.7,0.7
Life Outside the Circle,6,26152,77,0.82,0.92,0.43,0.43
Life Outside the Circle,7,24839,56,0.94,0.67,0.45,0.45
Life Outside the Circle,8,21720,72,0.49,0.89,0.56,0.56
Life Outside the Circle,9,20639,45,0.76,0.83,0.5,0.5
Life Outside the Circle,10,16146,44,0.71,0.78,0.47,0.47
Life Outside the Circle,11,17804,77,0.59,0.76,0.49,0.49
Life Outside the Circle,12,16143,41,0.85,0.84,0.56,0.56
Life Outside the Circle,13,31431,79,0.76,0.82,0.55,0.55
Life Outside the Circle,14,12198,78,0.58,0.88,0.31,0.31
Life Outside the Circle,15,15056,66,0.68,0.65,0.54,0.54
Life Outside the Circle,16,34716,55,0.68,0.8,0.37,0.37
Life Outside the Circle,17,23759,51,0.74,0.94,0.6,0.6
Life Outside the Circle,18,12664,77,0.81,0.78,0.53,0.53
Life Outside the Circle,19,29473,75,0.72,0.95,0.42,0.42
Life Outside the Circle,20,24366,58,0.52,0.66,0.52,0.52
Murrz,1,43141,41,0.85,0.9,0.53,0.53
Murrz,2,37091,68,0.6,0.77,0.31,0.31
Murrz,3,34305,45,0.69,0.75,0.63,0.63
Murrz,4,37410,62,0.76,0.58,0.59,0.59
Murrz,5,28346,68,0.81,0.81,0.52,0.52
Murrz,6,38890,52,0.81,0.56,0.42,0.42
Murrz,7,22921,59,0.62,0.7,0.51,0.51
Murrz,8,32820,42,0.91,0.91,0.44,0.44
Murrz,9,27054,47,0.75,0.76,0.41,0.41
Murrz,10,28303,47,0.51,0.62,0.46,0.46
Murrz,11,32372,77,0.73,0.92,0.45,0.45
Murrz,12,41544,75,0.62,0.83,0.33,0.33
Murrz,13,28230,58,0.56,0.6,0.69,0.69
Murrz,14,24387,79,0.64,0.8,0.52,0.52
Murrz,15,10460,48,0.67,0.63,0.51,0.51
Murrz,16,15918,58,0.75,0.78,0.62,0.62
Murrz,17,22941,40,0.77,0.77,0.54,0.54
Murrz,18,19976,45,0.59,0.83,0.43,0.43
Murrz,19,29152,66,0.62,0.88,0.39,0.39
Murrz,20,24068,48,0.81,0.81,0.57,0.57
Dreaming Freedom,1,69313,57,0.7,0.91,0.83,0.83
Dreaming Freedom,2,66374,56,0.59,0.97,0.66,0.66
Dreaming Freedom,3,65913,77,0.57,0.97,0.74,0.74
Dreaming Freedom,4,62766,64,0.51,0.92,0.66,0.66
Dreaming Freedom,5,66479,69,0.63,0.96,0.59,0.59
Dreaming Freedom,6,62889,40,0.45,0.96,0.73,0.73
Dreaming Freedom,7,55805,72,0.57,0.94,0.56,0.56
Dreaming Freedom,8,58395,72,0.57,0.91,0.59,0.59
Dreaming Freedom,9,62541,50,0.41,0.96,0.8,0.8
Dreaming Freedom,10,53105,51,0.67,0.91,0.72,0.72
Dreaming Freedom,11,42490,60,0.5,0.92,0.7,0.7
Dreaming Freedom,12,40673,54,0.51,0.93,0.59,0.59
Dreaming Freedom,13,53393,71,0.49,0.95,0.55,0.55
Dreaming Freedom,14,35071,68,0.66,0.96,0.58,0.58
Dreaming Freedom,15,39887,42,0.49,0.91,0.45,0.45
Dreaming Freedom,16,36112,58,0.33,0.97,0.58,0.58
Dreaming Freedom,17,32263,60,0.6,0.99,0.56,0.56
Dreaming Freedom,18,30419,68,0.69,0.93,0.62,0.62
Dreaming Freedom,19,30844,43,0.47,0.98,0.68,0.68
Dreaming Freedom,20,37437,41,0.55,0.91,0.71,0.71
The Savior's Time,1,52689,68,0.69,0.94,0.6,0.6
The Savior's Time,2,49920,53,0.61,0.97,0.46,0.46
The Savior's Time,3,49430,54,0.53,0.96,0.78,0.78
The Savior's Time,4,44767,62,0.79,0.95,0.66,0.66
The Savior's Time,5,43948,44,0.77,0.99,0.75,0.75
The Savior's Time,6,46771,52,0.5,0.91,0.82,0.82
The Savior's Time,7,44839,49,0.58,0.92,0.72,0.72
The Savior's Time,8,48608,72,0.56,0.91,0.66,0.66
The Savior's Time,9,39953,57,0.59,0.97,0.63,0.63
The Savior's Time,10,44672,69,0.63,0.9,0.61,0.61
The Savior's Time,11,40504,44,0.57,0.94,0.6,0.6
The Savior's Time,12,40737,57,0.58,0.92,0.51,0.51
The Savior's Time,13,42010,62,0.57,0.92,0.72,0.72
The Savior's Time,14,38309,65,0.75,0.96,0.83,0.83
The Savior's Time,15,34622,44,0.48,0.96,0.51,0.51
The Savior's Time,16,35320,47,0.61,0.98,0.66,0.66
The Savior's Time,17,38684,65,0.59,1.0,0.52,0.52
The Savior's Time,18,27878,70,0.53,0.93,0.57,0.57
The Savior's Time,19,26726,58,0.48,0.95,0.51,0.51
The Savior's Time,20,32237,78,0.32,0.96,0.58,0.58
Dear Diary,1,46452,60,0.44,0.95,0.7,0.7
Dear Diary,2,44369,43,0.72,0.92,0.68,0.68
Dear Diary,3,44466,74,0.38,0.92,0.57,0.57
Dear Diary,4,40862,51,0.44,0.9,0.71,0.71
Dear Diary,5,36360,50,0.37,0.96,0.59,0.59
Dear Diary,6,42506,48,0.62,0.92,0.46,0.46
Dear Diary,7,42916,70,0.47,0.96,0.5,0.5
Dear Diary,8,41362,67,0.49,0.94,0.65,0.65
Dear Diary,9,32477,59,0.62,0.89,0.53,0.53
Dear Diary,10,39463,79,0.48,1.0,0.51,0.51
Dear Diary,11,39659,48,0.6,0.96,0.35,0.35
Dear Diary,12,33963,73,0.38,0.91,0.51,0.51
Dear Diary,13,27522,52,0.59,0.93,0.52,0.52
Dear Diary,14,24991,45,0.6,0.9,0.64,0.64
Dear Diary,15,28281,58,0.38,0.97,0.64,0.64
Dear Diary,16,25811,71,0.67,0.95,0.58,0.58
Dear Diary,17,24794,79,0.43,0.96,0.66,0.66
Dear Diary,18,30464,45,0.45,0.93,0.7,0.7
Dear Diary,19,31256,51,0.53,0.91,0.66,0.66
Dear Diary,20,29043,54,0.47,1.0,0.67,0.67
The Double Agent,1,48966,56,0.54,0.94,0.54,0.54
The Double Agent,2,48287,66,0.7,0.91,0.84,0.84
The Double Agent,3,47432,52,0.67,0.92,0.64,0.64
The Double Agent,4,44555,62,0.5,0.89,0.46,0.46
The Double Agent,5,46097,64,0.61,0.92,0.71,0.71
The Double Agent,6,43966,52,0.62,0.96,0.51,0.51
The Double Agent,7,41244,75,0.47,0.97,0.67,0.67
The Double Agent,8,37995,49,0.66,0.93,0.54,0.54
The Double Agent,9,41541,45,0.63,0.96,0.64,0.64
The Double Agent,10,31011,51,0.59,0.99,0.59,0.59
The Double Agent,11,37644,80,0.59,0.99,0.66,0.66
The Double Agent,12,31082,79,0.65,0.98,0.77,0.77
The Double Agent,13,30842,44,0.68,0.95,0.92,0.92
The Double Agent,14,33979,74,0.62,0.89,0.72,0.72
The Double Agent,15,36068,49,0.57,0.96,0.65,0.65
The Double Agent,16,32023,52,0.68,0.94,0.68,0.68
The Double Agent,17,25249,64,0.45,0.96,0.5,0.5
The Double Agent,18,25391,43,0.51,0.97,0.52,0.52
The Double Agent,19,25383,55,0.5,0.91,0.7,0.7
The Double Agent,20,22849,57,0.6,0.99,0.74,0.74
Hero Killer,1,69444,57,0.76,0.7,0.56,0.56
Hero Killer,2,73775,56,0.84,0.63,0.73,0.73
Hero Killer,3,65016,77,0.72,0.55,0.54,0.54
Hero Killer,4,59691,53,0.86,0.58,0.53,0.53
Hero Killer,5,59567,40,0.79,0.51,0.44,0.44
Hero Killer,6,73419,46,0.79,0.7,0.5,0.5
Hero Killer,7,56501,40,0.71,0.58,0.59,0.59
Hero Killer,8,72622,49,0.85,0.57,0.73,0.73
Hero Killer,9,50046,42,0.78,0.68,0.32,0.32
Hero Killer,10,32115,65,0.75,0.58,0.45,0.45
Hero Killer,11,33137,41,0.75,0.62,0.61,0.61
Hero Killer,12,49923,52,0.79,0.72,0.47,0.47
Hero Killer,13,58282,56,0.83,0.76,0.53,0.53
Hero Killer,14,25364,68,0.82,0.74,0.59,0.59
Hero Killer,15,24608,67,0.75,0.82,0.5,0.5
Hero Killer,16,27574,50,0.66,0.73,0.48,0.48
Hero Killer,17,39094,56,0.79,0.69,0.63,0.63
Hero Killer,18,26367,74,0.8,0.65,0.49,0.49
Hero Killer,19,38797,49,0.72,0.89,0.62,0.62
Hero Killer,20,23313,51,0.65,0.78,0.51,0.51
Villain to Kill,1,63647,53,0.77,0.58,0.81,0.81
Villain to Kill,2,57556,53,0.73,0.78,0.54,0.54
Villain to Kill,3,58572,67,0.8,0.72,0.78,0.78
Villain to Kill,4,53364,70,0.71,0.72,0.55,0.55
Villain to Kill,5,37922,80,0.79,0.63,0.44,0.44
Villain to Kill,6,45116,48,0.54,0.84,0.66,0.66
Villain to Kill,7,54816,47,0.89,0.62,0.52,0.52
Villain to Kill,8,45446,68,0.86,0.68,0.58,0.58
Villain to Kill,9,37220,55,0.74,0.8,0.63,0.63
Villain to Kill,10,46028,45,0.77,0.78,0.51,0.51
Villain to Kill,11,44841,52,0.71,0.74,0.42,0.42
Villain to Kill,12,39909,70,0.59,0.72,0.46,0.46
Villain to Kill,13,33899,46,0.62,0.63,0.48,0.48
Villain to Kill,14,20063,60,0.81,0.7,0.67,0.67
Villain to Kill,15,46010,54,0.82,0.74,0.47,0.47
Villain to Kill,16,19695,51,0.78,0.81,0.59,0.59
Villain to Kill,17,29059,79,0.84,0.77,0.7,0.7
Villain to Kill,18,23715,63,0.74,0.42,0.51,0.51
Villain to Kill,19,27210,71,0.62,0.72,0.31,0.31
Villain to Kill,20,15362,48,0.73,0.63,0.57,0.57
Sidekicks,1,52397,47,0.88,0.76,0.56,0.56
Sidekicks,2,53369,70,0.63,0.81,0.42,0.42
Sidekicks,3,48002,68,0.69,0.82,0.6,0.6
Sidekicks,4,46377,53,0.6,0.84,0.6,0.6
Sidekicks,5,43697,79,0.68,0.6,0.47,0.47
Sidekicks,6,45479,72,0.83,0.62,0.63,0.63
Sidekicks,7,31382,55,0.77,0.82,0.58,0.58
Sidekicks,8,31484,59,0.71,0.67,0.57,0.57
Sidekicks,9,36833,44,0.84,0.66,0.53,0.53
Sidekicks,10,32616,54,0.63,0.75,0.41,0.41
Sidekicks,11,26740,68,0.67,0.62,0.62,0.62
Sidekicks,12,26657,42,0.72,0.62,0.53,0.53
Sidekicks,13,48816,50,0.82,0.62,0.63,0.63
Sidekicks,14,19383,64,0.85,0.74,0.54,0.54
Sidekicks,15,22742,52,0.69,0.74,0.64,0.64
Sidekicks,16,26407,62,0.95,0.6,0.64,0.64
Sidekicks,17,12809,65,0.8,0.75,0.46,0.46
Sidekicks,18,39902,47,0.77,0.71,0.59,0.59
Sidekicks,19,15064,52,0.78,0.72,0.45,0.45
Sidekicks,20,12395,63,0.91,0.56,0.63,0.63
The Last Golden Child,1,42630,47,0.67,0.75,0.64,0.64
The Last Golden Child,2,40535,58,0.72,0.71,0.51,0.51
The Last Golden Child,3,42140,46,1.0,0.73,0.46,0.46
The Last Golden Child,4,37916,68,0.54,0.86,0.57,0.57
The Last Golden Child,5,33943,69,0.76,0.79,0.64,0.64
The Last Golden Child,6,37500,69,0.66,0.78,0.54,0.54
The Last Golden Child,7,37916,44,0.89,0.71,0.72,0.72
The Last Golden Child,8,23619,41,0.98,0.6,0.38,0.38
The Last Golden Child,9,25776,68,0.83,0.69,0.54,0.54
The Last Golden Child,10,32401,77,0.75,0.92,0.55,0.55
The Last Golden Child,11,29007,42,0.8,0.8,0.59,0.59
The Last Golden Child,12,27042,72,0.82,0.79,0.58,0.58
The Last Golden Child,13,35803,68,0.85,0.78,0.54,0.54
The Last Golden Child,14,23613,69,0.72,0.7,0.59,0.59
The Last Golden Child,15,25391,71,0.89,0.66,0.58,0.58
The Last Golden Child,16,24083,69,0.72,0.58,0.63,0.63
The Last Golden Child,17,22554,61,0.81,0.79,0.45,0.45
The Last Golden Child,18,26915,75,0.91,0.7,0.51,0.51
The Last Golden Child,19,10046,57,0.75,0.81,0.7,0.7
The Last Golden Child,20,16902,59,0.69,0.63,0.7,0.7
The Build Up,1,54211,64,0.76,0.43,0.77,0.77
The Build Up,2,54778,61,0.92,0.68,0.75,0.75
The Build Up,3,53432,65,0.84,0.57,0.79,0.79
The Build Up,4,54644,80,0.84,0.75,0.77,0.77
The Build Up,5,46722,78,0.8,0.64,0.58,0.58
The Build Up,6,42328,58,0.7,0.62,0.59,0.59
The Build Up,7,51123,43,0.82,0.75,0.58,0.58
The Build Up,8,46048,62,0.79,0.66,0.58,0.58
The Build Up,9,43081,64,0.79,0.64,0.77,0.77
The Build Up,10,26402,65,0.87,0.65,0.62,0.62
The Build Up,11,30757,63,0.77,0.65,0.46,0.46
The Build Up,12,38738,72,0.84,0.75,0.91,0.91
The Build Up,13,31077,49,0.7,0.61,0.7,0.7
The Build Up,14,40146,66,0.86,0.7,0.44,0.44
The Build Up,15,46417,65,0.91,0.37,0.57,0.57
The Build Up,16,52068,60,0.75,0.66,0.62,0.62
The Build Up,17,20728,60,0.77,0.95,0.62,0.62
The Build Up,18,23508,48,0.87,0.66,0.75,0.75
The Build Up,19,15508,72,0.9,0.4,0.69,0.69
The Build Up,20,17096,40,0.57,0.56,0.7,0.7
King of the Mound,1,50337,55,0.72,0.5,0.65,0.65
King of the Mound,2,45658,73,0.81,0.71,0.86,0.86
King of the Mound,3,42856,77,0.82,0.51,0.79,0.79
King of the Mound,4,42981,45,0.74,0.48,0.69,0.69
King of the Mound,5,37359,78,0.98,0.47,0.79,0.79
King of the Mound,6,43618,50,0.77,0.6,0.54,0.54
King of the Mound,7,26483,55,0.77,0.55,0.54,0.54
King of the Mound,8,46802,64,0.79,0.56,0.69,0.69
King of the Mound,9,54189,67,0.91,0.88,0.86,0.86
King of the Mound,10,30592,78,0.58,0.7,0.47,0.47
King of the Mound,11,39752,60,0.85,0.57,0.66,0.66
King of the Mound,12,28502,75,0.74,0.41,0.56,0.56
King of the Mound,13,34486,51,0.65,0.39,0.69,0.69
King of the Mound,14,35763,46,0.76,0.46,0.64,0.64
King of the Mound,15,11705,73,0.67,0.69,0.76,0.76
King of the Mound,16,25290,43,0.83,0.5,0.63,0.63
King of the Mound,17,16868,78,0.95,0.77,0.65,0.65
King of the Mound,18,17908,52,0.69,0.6,0.72,0.72
King of the Mound,19,18781,48,0.89,0.65,0.59,0.59
King of the Mound,20,34085,45,0.86,0.6,0.59,0.59
Winning Shot,1,45375,66,0.85,0.54,0.67,0.67
Winning Shot,2,43765,57,0.82,0.64,0.91,0.91
Winning Shot,3,41616,46,0.83,0.53,0.6,0.6
Winning Shot,4,38062,64,0.91,0.63,0.81,0.81
Winning Shot,5,38718,53,0.88,0.57,0.69,0.69
Winning Shot,6,33772,61,0.79,0.76,0.66,0.66
Winning Shot,7,42170,48,0.93,0.54,0.63,0.63
Winning Shot,8,33438,47,0.94,0.95,0.67,0.67
Winning Shot,9,41475,40,0.79,0.64,0.62,0.62
Winning Shot,10,21042,79,0.78,0.78,0.69,0.69
Winning Shot,11,25213,78,0.85,0.62,0.71,0.71
Winning Shot,12,22110,66,0.77,0.3,0.62,0.62
Winning Shot,13,28491,42,0.84,0.62,0.8,0.8
Winning Shot,14,38713,57,0.6,0.57,0.7,0.7
Winning Shot,15,23147,40,0.88,0.79,0.53,0.53
Winning Shot,16,17501,78,0.94,0.55,0.72,0.72
Winning Shot,17,11357,52,0.82,0.42,0.58,0.58
Winning Shot,18,17321,77,0.82,0.83,0.71,0.71
Winning Shot,19,14521,74,0.92,0.44,0.37,0.37
Winning Shot,20,17862,76,0.82,0.58,0.85,0.85
Infinite Level up in Murim,1,72792,67,0.85,1.0,0.49,0.49
Infinite Level up in Murim,2,69550,67,0.71,0.91,0.46,0.46
Infinite Level up in Murim,3,66536,46,0.68,0.87,0.52,0.52
Infinite Level up in Murim,4,61709,65,0.83,0.71,0.54,0.54
Infinite Level up in Murim,5,44276,59,0.8,0.48,0.52,0.52
Infinite Level up in Murim,6,52337,45,0.65,1.0,0.22,0.22
Infinite Level up in Murim,7,51268,53,0.69,0.82,0.52,0.52
Infinite Level up in Murim,8,68725,76,0.68,0.87,0.64,0.64
Infinite Level up in Murim,9,37714,48,0.71,0.79,0.64,0.64
Infinite Level up in Murim,10,62501,73,0.53,0.84,0.24,0.24
Infinite Level up in Murim,11,38190,51,0.94,1.0,0.59,0.59
Infinite Level up in Murim,12,33537,80,0.54,0.67,0.37,0.37
Infinite Level up in Murim,13,56502,53,0.85,0.7,0.49,0.49
Infinite Level up in Murim,14,48600,75,0.6,0.78,0.5,0.5
Infinite Level up in Murim,15,55734,80,0.64,0.7,0.55,0.55
Infinite Level up in Murim,16,35838,50,0.92,0.74,0.63,0.63
Infinite Level up in Murim,17,22927,69,0.94,0.77,0.53,0.53
Infinite Level up in Murim,18,29916,67,0.76,1.0,0.41,0.41
Infinite Level up in Murim,19,21955,77,0.8,0.68,0.27,0.27
Infinite Level up in Murim,20,57016,71,0.7,0.81,0.26,0.26
Superhuman Era,1,79447,64,0.64,0.68,0.59,0.59
Superhuman Era,2,78131,65,0.55,0.68,0.38,0.38
Superhuman Era,3,67290,67,0.66,0.79,0.45,0.45
Superhuman Era,4,69083,45,0.71,0.69,0.33,0.33
Superhuman Era,5,70202,44,0.89,0.77,0.38,0.38
Superhuman Era,6,69648,66,0.62,0.72,0.58,0.58
Superhuman Era,7,77289,73,0.78,0.58,0.37,0.37
Superhuman Era,8,52938,47,0.66,0.96,0.4,0.4
Superhuman Era,9,48555,40,0.75,0.62,0.5,0.5
Superhuman Era,10,54105,60,0.57,0.71,0.5,0.5
Superhuman Era,11,59179,64,0.65,0.73,0.45,0.45
Superhuman Era,12,57569,69,0.77,0.88,0.41,0.41
Superhuman Era,13,40218,45,0.8,0.55,0.58,0.58
Superhuman Era,14,100016,61,0.59,0.63,0.54,0.54
Superhuman Era,15,24331,69,0.86,0.54,0.33,0.33
Superhuman Era,16,51650,60,0.81,0.59,0.59,0.59
Superhuman Era,17,27284,80,0.73,0.87,0.4,0.4
Superhuman Era,18,26432,54,0.75,0.8,0.45,0.45
Superhuman Era,19,27216,49,0.52,0.69,0.54,0.54
Superhuman Era,20,24335,72,0.83,1.0,0.44,0.44
Existence,1,92174,70,0.55,0.71,0.56,0.56
Existence,2,85025,52,0.53,0.79,0.76,0.76
Existence,3,86248,65,0.69,0.7,0.69,0.69
Existence,4,83599,65,0.9,0.73,0.65,0.65
Existence,5,72621,63,0.51,0.68,0.64,0.64
Existence,6,64861,65,0.55,0.64,0.82,0.82
Existence,7,73590,42,0.88,0.7,0.79,0.79
Existence,8,61628,45,0.56,0.71,0.55,0.55
Existence,9,88399,63,0.45,0.83,0.31,0.31
Existence,10,56844,63,0.27,0.78,0.71,0.71
Existence,11,48330,48,0.85,0.67,0.79,0.79
Existence,12,82041,76,0.67,0.72,0.67,0.67
Existence,13,100125,55,0.78,0.75,0.56,0.56
Existence,14,45861,66,0.5,0.68,0.58,0.58
Existence,15,45546,62,0.66,0.69,0.44,0.44
Existence,16,27294,61,0.55,0.78,0.67,0.67
Existence,17,76273,75,0.91,0.9,0.46,0.46
Existence,18,71968,52,0.64,0.95,0.47,0.47
Existence,19,41261,49,0.71,0.88,0.57,0.57
Existence,20,33989,58,0.77,0.65,0.7,0.7
The World After the Fall,1,87148,75,0.57,0.64,0.84,0.84
The World After the Fall,2,84256,59,0.91,0.89,0.78,0.78
The World After the Fall,3,73490,78,0.71,0.67,0.47,0.47
The World After the Fall,4,87674,58,0.82,0.58,0.72,0.72
The World After the Fall,5,72599,57,0.62,0.71,0.46,0.46
The World After the Fall,6,61757,70,0.7,0.79,0.38,0.38
The World After the Fall,7,47772,52,0.76,0.62,0.6,0.6
The World After the Fall,8,71913,55,0.44,0.67,0.8,0.8
The World After the Fall,9,76694,50,0.51,0.87,0.66,0.66
The World After the Fall,10,62059,51,0.65,0.91,0.76,0.76
The World After the Fall,11,65768,45,0.6,0.71,0.63,0.63
The World After the Fall,12,50670,66,0.66,0.71,0.55,0.55
The World After the Fall,13,38903,77,0.54,0.71,0.88,0.88
The World After the Fall,14,61631,65,0.76,0.71,0.5,0.5
The World After the Fall,15,65649,56,0.7,0.75,0.6,0.6
The World After the Fall,16,37565,49,0.67,0.69,0.45,0.45
The World After the Fall,17,38622,62,0.74,0.79,0.52,0.52
The World After the Fall,18,34890,45,0.78,0.89,0.41,0.41
The World After the Fall,19,53591,75,0.76,0.72,0.73,0.73
The World After the Fall,20,38266,73,0.43,0.68,0.39,0.39
Killer Peter,1,72830,66,0.79,0.9,0.94,0.94
Killer Peter,2,70531,56,0.67,0.97,0.33,0.33
Killer Peter,3,69663,49,0.67,0.93,0.51,0.51
Killer Peter,4,68640,40,0.59,0.94,0.57,0.57
Killer Peter,5,59041,76,0.58,0.79,0.47,0.47
Killer Peter,6,66407,40,0.65,0.94,0.59,0.59
Killer Peter,7,64800,75,0.73,0.91,0.72,0.72
Killer Peter,8,64676,72,0.66,0.85,0.6,0.6
Killer Peter,9,66886,71,0.72,0.96,0.62,0.62
Killer Peter,10,46088,67,0.57,0.89,0.76,0.76
Killer Peter,11,66138,55,0.72,1.0,0.72,0.72
Killer Peter,12,50856,74,0.54,0.89,0.72,0.72
Killer Peter,13,46303,62,0.67,0.89,0.38,0.38
Killer Peter,14,57137,56,0.55,0.94,0.78,0.78
Killer Peter,15,60155,41,0.7,0.9,0.59,0.59
Killer Peter,16,45428,66,0.69,1.0,0.88,0.88
Killer Peter,17,47000,67,0.82,0.8,0.53,0.53
Killer Peter,18,37954,80,0.68,0.9,0.48,0.48
Killer Peter,19,44307,53,0.72,0.88,0.79,0.79
Killer Peter,20,36757,53,0.68,0.94,0.67,0.67
Death's Game,1,87175,56,0.66,0.89,1.0,1.0
Death's Game,2,87644,76,0.81,0.94,0.76,0.76
Death's Game,3,87474,68,0.38,0.91,0.86,0.86
Death's Game,4,75969,70,0.48,0.88,0.7,0.7
Death's Game,5,78068,66,0.56,0.93,0.57,0.57
Death's Game,6,77050,80,0.57,0.77,0.71,0.71
Death's Game,7,75954,64,0.5,0.97,0.76,0.76
Death's Game,8,79979,46,0.72,0.86,0.45,0.45
Death's Game,9,77639,61,0.66,0.92,0.91,0.91
Death's Game,10,70688,61,0.74,0.85,0.63,0.63
Death's Game,11,57543,72,0.54,0.95,0.65,0.65
Death's Game,12,67522,48,0.87,0.9,0.87,0.87
Death's Game,13,71351,67,0.58,0.88,0.6,0.6
Death's Game,14,72787,75,0.65,0.88,0.8,0.8
Death's Game,15,49863,74,0.71,0.91,0.49,0.49
Death's Game,16,72341,73,0.64,0.87,0.55,0.55
Death's Game,17,51291,65,0.68,0.88,0.47,0.47
Death's Game,18,51273,72,0.62,0.87,0.58,0.58
Death's Game,19,67818,67,0.6,0.89,0.77,0.77
Death's Game,20,54940,56,0.69,0.94,0.82,0.82
Melvina's Therapy,1,51963,56,0.38,0.69,0.87,0.87
Melvina's Therapy,2,48363,76,0.35,0.91,0.96,0.96
Melvina's Therapy,3,46544,59,0.3,0.82,0.74,0.74
Melvina's Therapy,4,52222,76,0.26,0.66,0.7,0.7
Melvina's Therapy,5,50348,46,0.55,0.73,0.7,0.7
Melvina's Therapy,6,44947,55,0.38,0.69,0.65,0.65
Melvina's Therapy,7,44196,46,0.61,0.86,0.8,0.8
Melvina's Therapy,8,22492,41,0.27,0.8,0.61,0.61
Melvina's Therapy,9,29145,52,0.3,1.0,0.41,0.41
Melvina's Therapy,10,41891,52,0.17,1.0,0.58,0.58
Melvina's Therapy,11,53931,69,0.45,0.79,0.6,0.6
Melvina's Therapy,12,65300,44,0.47,0.8,0.69,0.69
Melvina's Therapy,13,75071,73,0.29,0.96,0.77,0.77
Melvina's Therapy,14,9607,40,0.55,0.86,0.72,0.72
Melvina's Therapy,15,61350,61,0.43,0.96,0.77,0.77
Melvina's Therapy,16,16728,70,0.44,0.92,0.53,0.53
Melvina's Therapy,17,20323,56,0.3,0.8,0.72,0.72
Melvina's Therapy,18,9158,77,0.53,0.92,0.33,0.33
Melvina's Therapy,19,8328,79,0.52,0.82,0.58,0.58
Melvina's Therapy,20,31603,64,0.47,0.95,0.91,0.91
The Horizon,1,91129,40,0.47,0.51,0.88,0.88
The Horizon,2,81592,40,0.55,0.64,0.95,0.95
The Horizon,3,79258,70,0.48,0.7,0.98,0.98
The Horizon,4,62960,51,0.56,0.59,0.92,0.92
The Horizon,5,66262,75,0.55,0.91,0.93,0.93
The Horizon,6,81748,45,0.48,0.78,0.76,0.76
The Horizon,7,42453,44,0.53,0.66,0.82,0.82
The Horizon,8,49653,44,0.33,0.73,0.88,0.88
The Horizon,9,46239,79,0.35,0.79,0.81,0.81
The Horizon,10,31229,71,0.6,0.7,0.79,0.79
The Horizon,11,69304,73,0.53,0.88,0.83,0.83
The Horizon,12,84796,79,0.48,0.73,0.87,0.87
The Horizon,13,38576,63,0.53,0.76,0.94,0.94
The Horizon,14,69339,65,0.41,0.69,0.95,0.95
The Horizon,15,60151,42,0.47,0.6,0.8,0.8
The Horizon,16,33451,76,0.45,0.36,0.87,0.87
The Horizon,17,71654,65,0.53,0.77,0.82,0.82
The Horizon,18,29389,57,0.58,0.89,0.84,0.84
The Horizon,19,61216,61,0.47,0.59,0.88,0.88
The Horizon,20,22722,60,0.55,0.65,0.88,0.88
