content_id,genre,webtoon_emotion_score,webtoon_addiction_score,webtoon_cliffhanger_rate,youtube_hype_score,youtube_confusion_score,reddit_risk_score,data_confidence
tower_of_god,fantasy,0.8265,0.8215,0.779,0.46,0.16,8.3,High
solo_leveling,action,0.8065,0.8515,0.805,0.69,0.1,11.3,High
lookism,drama,0.8145,0.792,0.732,0.76,0.28,12.7,High
true_beauty,romance,0.843,0.6895,0.5740000000000001,0.72,0.23,11.6,High
omniscient_reader,fantasy,0.8484999999999999,0.812,0.7464999999999999,0.46,0.28,6.9,High
god_of_high_school,action,0.8105,0.807,0.766,0.35,0.09,5.0,High
eleceed,action,0.8365,0.828,0.7525000000000001,0.42,0.26,6.7,High
teenage_mercenary,action,0.8320000000000001,0.8085000000000001,0.788,0.85,0.25,3.0,High
viral_hit,action,0.8025,0.8115,0.773,0.39,0.08,11.8,High
weak_hero,action,0.82675,0.837,0.80625,0.35,0.14,7.5,High
lore_olympus,romance,0.8160000000000001,0.7184999999999999,0.575,0.74,0.24,4.1,High
lets_play,romance,0.8380000000000001,0.7375,0.5559999999999999,0.52,0.15,1.3,High
i_love_yoo,drama,0.8160000000000001,0.7215,0.6795,0.76,0.18,1.9,High
unordinary,action,0.8115,0.8465,0.808,0.37,0.26,3.1,High
the_remarried_empress,fantasy,0.8494999999999999,0.7175,0.7505,0.84,0.28,6.8,High
subzero,fantasy,0.8314999999999999,0.7775000000000001,0.763,0.85,0.28,4.3,High
cursed_princess_club,comedy,0.8160000000000001,0.8380000000000001,0.76,0.89,0.07,10.9,High
boyfriends,romance,0.836,0.731,0.599,0.72,0.12,3.9000000000000004,High
down_to_earth,romance,0.8205,0.7105,0.5955,0.59,0.14,1.8,High
the_boxer,action,0.805,0.875,0.82,0.33,0.18,10.299999999999999,High
bastard,thriller,0.8215,0.9245,0.906,0.58,0.25,9.2,High
sweet_home,thriller,0.8154999999999999,0.8939999999999999,0.9029999999999999,0.64,0.08,4.3,High
see_you_in_my_19th_life,romance,0.8414999999999999,0.727,0.6174999999999999,0.47,0.22,3.6,High
business_proposal,romance,0.825,0.7285,0.5860000000000001,0.36,0.09,8.600000000000001,High
navillera,drama,0.7895,0.686,0.6865,0.63,0.19,13.0,High
your_throne,fantasy,0.8164999999999999,0.7865,0.7825,0.43,0.29,11.299999999999999,High
men_of_the_harem,fantasy,0.7915,0.818,0.764,0.74,0.06,5.1,High
suitor_armor,fantasy,0.8125,0.7915,0.746,0.63,0.12,9.9,High
eaternal_nocturnal,romance,0.8154999999999999,0.7355,0.641,0.34,0.18,10.9,High
operation_true_love,romance,0.8494999999999999,0.6995,0.5875,0.49,0.12,4.699999999999999,High
maybe_meant_to_be,romance,0.8265,0.7505,0.5589999999999999,0.58,0.18,6.9,High
marry_my_husband,romance,0.819,0.7110000000000001,0.6355000000000001,0.53,0.19,8.399999999999999,High
doom_breaker,action,0.8320000000000001,0.8390000000000001,0.7855000000000001,0.53,0.11,7.7,High
66666_years_advent_of_the_dark_mage,fantasy,0.852,0.8135,0.751,0.81,0.22,10.5,High
the_advanced_player_of_the_tutorial_tower,action,0.8480000000000001,0.869,0.792,0.6,0.11,2.8,High
return_of_the_blossoming_blade,action,0.8160000000000001,0.8195,0.8370000000000001,0.63,0.2,1.9,High
leveling_up_with_the_gods,action,0.8039999999999999,0.8560000000000001,0.8515,0.75,0.16,3.4,High
nano_machine,action,0.843,0.8654999999999999,0.774,0.74,0.26,8.5,High
designated_bully,action,0.8029999999999999,0.8554999999999999,0.7875,0.33,0.16,14.2,High
get_schooled,action,0.8225,0.8615,0.774,0.56,0.26,9.5,High
reality_quest,action,0.8230000000000001,0.8394999999999999,0.784,0.57,0.3,7.300000000000001,High
questism,action,0.851,0.837,0.8230000000000001,0.71,0.14,11.4,High
my_dear_cold-blooded_king,romance,0.786,0.716,0.628,0.87,0.22,2.7,High
midnight_poppy_land,romance,0.8414999999999999,0.732,0.608,0.45,0.29,14.7,High
age_matters,romance,0.8390000000000001,0.768,0.587,0.84,0.13,8.399999999999999,High
edith,romance,0.8230000000000001,0.7665,0.6115,0.77,0.19,3.1,High
purple_hyacinth,thriller,0.8494999999999999,0.8995000000000001,0.8795,0.64,0.15,13.9,High
not_even_bones,thriller,0.8119999999999999,0.898,0.9005000000000001,0.85,0.18,9.399999999999999,High
everything_is_fine,thriller,0.8265,0.9065,0.9115,0.54,0.29,4.5,High
homesick,thriller,0.8255000000000001,0.908,0.9195,0.72,0.05,9.7,High
stagtown,thriller,0.8185,0.885,0.9185000000000001,0.88,0.23,4.4,High
gremoryland,thriller,0.8324999999999999,0.916,0.8915,0.86,0.15,2.4,High
ghost_teller,thriller,0.8065,0.8949999999999999,0.8865000000000001,0.77,0.21,6.8,High
hell_is_other_people,thriller,0.7915,0.8939999999999999,0.8880000000000001,0.42,0.27,9.0,High
acception,drama,0.7849999999999999,0.6980000000000001,0.648,0.55,0.18,15.2,High
odd_girl_out,drama,0.8345,0.693,0.6675,0.52,0.09,14.2,High
weak_hero,action,0.82675,0.837,0.80625,0.35,0.14,7.5,High
wind_breaker,drama,0.8460000000000001,0.7025,0.6935,0.82,0.11,1.2,High
pyramid_game,drama,0.8414999999999999,0.6849999999999999,0.6679999999999999,0.42,0.08,4.3,High
spirit_fingers,drama,0.799,0.693,0.6285000000000001,0.82,0.17,7.7,High
gourmet_hound,drama,0.8175000000000001,0.705,0.667,0.69,0.18,9.4,High
space_boy,sci-fi,0.808,0.709,0.6799999999999999,0.52,0.21,4.2,High
seed,sci-fi,0.792,0.735,0.6655,0.44,0.22,4.6,High
in_the_bleak_midwinter,sci-fi,0.8400000000000001,0.771,0.692,0.59,0.05,1.2,High
parallel_city,sci-fi,0.8335000000000001,0.7205,0.702,0.36,0.29,9.2,High
tales_of_the_unusual,horror,0.8175000000000001,0.8160000000000001,0.8705,0.61,0.05,6.699999999999999,High
shotgun_boy,horror,0.8465,0.7825,0.882,0.8,0.3,4.5,High
pigpen,horror,0.8474999999999999,0.759,0.8595,0.55,0.13,3.7,High
the_groom,horror,0.807,0.762,0.8195,0.37,0.12,9.7,High
stalker,horror,0.8365,0.8324999999999999,0.8355,0.63,0.28,9.1,High
blue_chair,slice of life,0.841,0.8465,0.8125,0.32,0.29,8.9,High
my_giant_nerd_boyfriend,slice of life,0.8425,0.845,0.75,0.38,0.09,10.5,High
life_outside_the_circle,slice of life,0.833,0.882,0.8385,0.6,0.08,3.0,High
murrz,slice of life,0.8225,0.869,0.7605000000000001,0.4,0.28,2.8,High
dreaming_freedom,mystery,0.8130000000000001,0.8800000000000001,0.943,0.34,0.06,9.3,High
the_saviors_time,mystery,0.8135,0.8959999999999999,0.9470000000000001,0.85,0.06,9.5,High
dear_diary,mystery,0.8355,0.908,0.9390000000000001,0.55,0.26,1.7,High
the_double_agent,mystery,0.8550000000000001,0.8985,0.9465,0.79,0.26,8.5,High
hero_killer,superhero,0.8045,0.7705,0.674,0.75,0.09,14.299999999999999,High
villain_to_kill,superhero,0.8240000000000001,0.775,0.7015,0.69,0.15,9.0,High
sidekicks,superhero,0.8380000000000001,0.7785,0.7015,0.56,0.25,6.2,High
the_last_golden_child,superhero,0.843,0.7965,0.739,0.61,0.19,7.3,High
the_build_up,sports,0.8029999999999999,0.828,0.635,0.81,0.28,14.0,High
king_of_the_mound,sports,0.8310000000000001,0.8714999999999999,0.58,0.79,0.23,13.4,High
winning_shot,sports,0.8390000000000001,0.8105,0.615,0.61,0.26,10.899999999999999,High
infinite_level_up_in_murim,action,0.837,0.8160000000000001,0.807,0.43,0.21,6.1,High
superhuman_era,action,0.8255000000000001,0.8234999999999999,0.724,0.83,0.14,12.0,High
existence,fantasy,0.807,0.75,0.747,0.81,0.22,6.8,High
the_world_after_the_fall,fantasy,0.825,0.8300000000000001,0.7355,0.5,0.23,6.4,High
killer_peter,thriller,0.8265,0.883,0.9109999999999999,0.55,0.12,2.9,High
deaths_game,thriller,0.8375,0.916,0.8945000000000001,0.71,0.22,12.5,High
melvinas_therapy,horror,0.835,0.795,0.8470000000000001,0.64,0.24,9.9,High
the_horizon,drama,0.8255000000000001,0.6705,0.6965,0.83,0.3,13.100000000000001,High
return_of_the_blossoming_blade,action,0.8160000000000001,0.8195,0.8370000000000001,0.63,0.2,1.9,High
the_breaker,action,0.0,0.0,0.0,0.0,0.0,0.0,Low
the_breaker_new_waves,action,0.0,0.0,0.0,0.0,0.0,0.0,Low
nano_machine,action,0.843,0.8654999999999999,0.774,0.74,0.26,8.5,High
legend_of_the_northern_blade,action,0.0,0.0,0.0,0.0,0.0,0.0,Low
mercenary_enrollment,action,0.0,0.0,0.0,0.0,0.0,0.0,Low
my_school_life_pretending_to_be_worthless,action,0.0,0.0,0.0,0.0,0.0,0.0,Low
return_of_the_mount_hua_sect,action,0.0,0.0,0.0,0.0,0.0,0.0,Low
overgeared,fantasy,0.0,0.0,0.0,0.0,0.0,0.0,Low
trash_of_the_counts_family,fantasy,0.0,0.0,0.0,0.0,0.0,0.0,Low
the_beginning_after_the_end,fantasy,0.0,0.0,0.0,0.0,0.0,0.0,Low
a_returners_magic_should_be_special,fantasy,0.0,0.0,0.0,0.0,0.0,0.0,Low
the_greatest_estate_developer,fantasy,0.0,0.0,0.0,0.0,0.0,0.0,Low
second_life_ranker,fantasy,0.0,0.0,0.0,0.0,0.0,0.0,Low
sss_class_suicide_hunter,fantasy,0.0,0.0,0.0,0.0,0.0,0.0,Low
regressor_instruction_manual,fantasy,0.0,0.0,0.0,0.0,0.0,0.0,Low
demon_slayer_pick_me_up,fantasy,0.0,0.0,0.0,0.0,0.0,0.0,Low
the_s_classes_that_i_raised,fantasy,0.0,0.0,0.0,0.0,0.0,0.0,Low
limit_breaker,action,0.0,0.0,0.0,0.0,0.0,0.0,Low
wandering_warrior_of_wudang,action,0.0,0.0,0.0,0.0,0.0,0.0,Low
manager_kim,action,0.0,0.0,0.0,0.0,0.0,0.0,Low
quest_supremacy,action,0.0,0.0,0.0,0.0,0.0,0.0,Low
reality_quest,action,0.8230000000000001,0.8394999999999999,0.784,0.57,0.3,7.300000000000001,High
study_group,action,0.0,0.0,0.0,0.0,0.0,0.0,Low
reaper_of_the_drifting_moon,action,0.0,0.0,0.0,0.0,0.0,0.0,Low
jungle_juice,action,0.0,0.0,0.0,0.0,0.0,0.0,Low
fight_class_3,action,0.0,0.0,0.0,0.0,0.0,0.0,Low
player_who_cant_level_up,fantasy,0.0,0.0,0.0,0.0,0.0,0.0,Low
villain_unrivaled,action,0.0,0.0,0.0,0.0,0.0,0.0,Low
academys_undercover_professor,fantasy,0.0,0.0,0.0,0.0,0.0,0.0,Low
how_to_fight,action,0.0,0.0,0.0,0.0,0.0,0.0,Low
dark_mortal,action,0.0,0.0,0.0,0.0,0.0,0.0,Low
leveling_with_the_gods,fantasy,0.0,0.0,0.0,0.0,0.0,0.0,Low
I_shall_live_as_prince,historical,0.0,0.0,0.0,0.0,0.0,0.0,Low
remarried_empress,romance,0.0,0.0,0.0,0.0,0.0,0.0,Low
who_made_me_a_princess,romance,0.0,0.0,0.0,0.0,0.0,0.0,Low
your_throne,fantasy,0.8164999999999999,0.7865,0.7825,0.43,0.29,11.299999999999999,High
a_business_proposal,romance,0.0,0.0,0.0,0.0,0.0,0.0,Low
my_husband_hides_his_beauty,romance,0.0,0.0,0.0,0.0,0.0,0.0,Low
roxana,fantasy,0.0,0.0,0.0,0.0,0.0,0.0,Low
is_it_fortune_or_is_it_woe,romance,0.0,0.0,0.0,0.0,0.0,0.0,Low
the_duchess_50_tea_recipes,romance,0.0,0.0,0.0,0.0,0.0,0.0,Low
doctor_elise,romance,0.0,0.0,0.0,0.0,0.0,0.0,Low
my_in_laws_are_obsessed_with_me,romance,0.0,0.0,0.0,0.0,0.0,0.0,Low
solo_max_level_newbie,fantasy,0.0,0.0,0.0,0.0,0.0,0.0,Low
i_grow_stronger_by_eating,fantasy,0.0,0.0,0.0,0.0,0.0,0.0,Low
return_of_the_disaster_class_hero,action,0.0,0.0,0.0,0.0,0.0,0.0,Low
doom_breaker,action,0.8320000000000001,0.8390000000000001,0.7855000000000001,0.53,0.11,7.7,High
memoir_of_the_king_of_war,action,0.0,0.0,0.0,0.0,0.0,0.0,Low
